user_genome	classification	fastani_reference	fastani_reference_radius	fastani_taxonomy	fastani_ani	fastani_af	closest_placement_reference	closest_placement_radius	closest_placement_taxonomy	closest_placement_ani	closest_placement_af	pplacer_taxonomy	classification_method	note	other_related_references(genome_id,species_name,radius,ANI,AF)	msa_percent	translation_table	red_value	warnings
student389_ERR1713356_MAG_00001-contigs	d__Bacteria;p__Firmicutes;c__Bacilli;o__Lactobacillales;f__Aerococcaceae;g__Trichococcus;s__Trichococcus flocculiformis	GCF_900113645.1	95.0	d__Bacteria;p__Firmicutes;c__Bacilli;o__Lactobacillales;f__Aerococcaceae;g__Trichococcus;s__Trichococcus flocculiformis	98.54	0.93	GCF_900113645.1	95.0	d__Bacteria;p__Firmicutes;c__Bacilli;o__Lactobacillales;f__Aerococcaceae;g__Trichococcus;s__Trichococcus flocculiformis	98.54	0.93	d__Bacteria;p__Firmicutes;c__Bacilli;o__Lactobacillales;f__Aerococcaceae;g__Trichococcus;s__	taxonomic classification defined by topology and ANI	topological placement and ANI have congruent species assignments	GCF_900112935.1, s__Trichococcus pasteurii, 95.0, 90.62, 0.91; GCA_002155105.1, s__Trichococcus shcherbakoviae, 95.0, 89.96, 0.89; GCF_003008695.1, s__Trichococcus alkaliphilus, 95.0, 89.22, 0.88; GCF_003051085.1, s__Trichococcus patagoniensis, 95.0, 88.67, 0.89; GCF_003052295.1, s__Trichococcus paludicola, 95.0, 88.51, 0.64; GCF_900107505.1, s__Trichococcus collinsii, 95.0, 88.48, 0.9; GCF_900109135.1, s__Trichococcus ilyis, 95.0, 85.23, 0.86; GCF_900114465.1, s__Trichococcus palustris, 95.0, 79.77, 0.45	93.94	11	N/A	N/A
student389_ERR1713356_MAG_00002-contigs	d__Bacteria;p__Fusobacteriota;c__Fusobacteriia;o__Fusobacteriales;f__Leptotrichiaceae;g__JAGOYM01;s__JAGOYM01 sp018059165	GCA_018059165.1	95.0	d__Bacteria;p__Fusobacteriota;c__Fusobacteriia;o__Fusobacteriales;f__Leptotrichiaceae;g__JAGOYM01;s__JAGOYM01 sp018059165	99.34	0.84	GCA_018059165.1	95.0	d__Bacteria;p__Fusobacteriota;c__Fusobacteriia;o__Fusobacteriales;f__Leptotrichiaceae;g__JAGOYM01;s__JAGOYM01 sp018059165	99.34	0.84	d__Bacteria;p__Fusobacteriota;c__Fusobacteriia;o__Fusobacteriales;f__Leptotrichiaceae;g__;s__	taxonomic classification defined by topology and ANI	topological placement and ANI have congruent species assignments	N/A	88.68	11	N/A	N/A
student389_ERR1713356_MAG_00003-contigs	d__Bacteria;p__Proteobacteria;c__Gammaproteobacteria;o__Burkholderiales;f__Burkholderiaceae;g__CTSOIL-112;s__CTSOIL-112 sp017986195	GCA_017986195.1	95.0	d__Bacteria;p__Proteobacteria;c__Gammaproteobacteria;o__Burkholderiales;f__Burkholderiaceae;g__CTSOIL-112;s__CTSOIL-112 sp017986195	97.66	0.7	GCA_017986195.1	95.0	d__Bacteria;p__Proteobacteria;c__Gammaproteobacteria;o__Burkholderiales;f__Burkholderiaceae;g__CTSOIL-112;s__CTSOIL-112 sp017986195	97.66	0.7	d__Bacteria;p__Proteobacteria;c__Gammaproteobacteria;o__Burkholderiales;f__Burkholderiaceae;g__CTSOIL-112;s__	taxonomic classification defined by topology and ANI	topological placement and ANI have congruent species assignments	GCA_018261955.1, s__CTSOIL-112 sp018261955, 95.0, 88.27, 0.82	70.89	11	N/A	N/A
student389_ERR1713356_MAG_00004-contigs	d__Bacteria;p__Proteobacteria;c__Gammaproteobacteria;o__Burkholderiales;f__Neisseriaceae;g__Neisseria;s__Neisseria suis	GCF_004341385.1	95.0	d__Bacteria;p__Proteobacteria;c__Gammaproteobacteria;o__Burkholderiales;f__Neisseriaceae;g__Neisseria;s__Neisseria suis	97.64	0.92	GCF_004341385.1	95.0	d__Bacteria;p__Proteobacteria;c__Gammaproteobacteria;o__Burkholderiales;f__Neisseriaceae;g__Neisseria;s__Neisseria suis	97.64	0.92	d__Bacteria;p__Proteobacteria;c__Gammaproteobacteria;o__Burkholderiales;f__Neisseriaceae;g__Neisseria;s__	taxonomic classification defined by topology and ANI	topological placement and ANI have congruent species assignments	GCF_014055005.1, s__Neisseria dentiae, 95.0, 80.66, 0.72; GCF_014297595.1, s__Neisseria musculi, 95.0, 79.46, 0.66; GCF_001592185.1, s__Neisseria denitrificans, 95.0, 79.27, 0.55; GCF_002108505.1, s__Neisseria dumasiana, 95.0, 79.23, 0.58; GCF_900187305.1, s__Neisseria zoodegmatis, 95.0, 79.06, 0.66; GCF_900637855.1, s__Neisseria animaloris, 95.0, 78.8, 0.59; GCF_900636765.1, s__Neisseria canis, 95.0, 78.6, 0.49; GCF_000227765.1, s__Neisseria wadsworthii, 95.0, 78.42, 0.44; GCF_002216145.1, s__Neisseria chenwenguii, 95.0, 78.37, 0.63; GCF_014055025.1, s__Neisseria bacilliformis, 95.0, 78.33, 0.5; GCF_900636515.1, s__Neisseria animalis, 95.0, 78.31, 0.48; GCF_002237445.1, s__Neisseria sp002237445, 95.0, 78.25, 0.54; GCF_900451175.1, s__Neisseria potus, 95.0, 78.22, 0.51; GCF_000813705.1, s__Neisseria cerebrosa, 96.5429, 78.21, 0.4; GCF_900475315.1, s__Neisseria cinerea, 95.0, 78.17, 0.32; GCF_001308015.1, s__Neisseria sp001308015, 95.0, 78.15, 0.41; GCF_900638685.1, s__Neisseria weaveri, 95.0, 78.14, 0.45; GCF_009671065.1, s__Neisseria brasiliensis, 95.0, 78.14, 0.59; GCF_017753665.1, s__Neisseria sicca_D, 95.2415, 78.07, 0.4; GCF_003315235.1, s__Neisseria gonorrhoeae, 95.0389, 78.06, 0.4; GCF_005886145.1, s__Neisseria sp000090875, 95.0, 78.06, 0.51; GCF_003044455.1, s__Neisseria bergeri, 95.0, 78.05, 0.39; GCA_003028315.1, s__Neisseria mucosa, 96.5429, 78.02, 0.41; GCF_001809325.1, s__Neisseria sp001809325, 95.406, 78.02, 0.4; GCF_014898075.1, s__Neisseria sp011038745, 95.0, 78.01, 0.59; GCF_000227275.1, s__Neisseria sp000227275, 96.3387, 77.97, 0.46; GCF_003044565.1, s__Neisseria sicca_A, 95.0, 77.97, 0.41; GCF_000952795.1, s__Neisseria sp000952795, 96.4916, 77.97, 0.42; GCF_000193795.1, s__Neisseria lactamica_A, 95.0, 77.96, 0.37; GCF_003044425.1, s__Neisseria sicca_C, 95.8064, 77.94, 0.43; GCF_001027865.1, s__Neisseria arctica, 95.0, 77.92, 0.38; GCF_002327085.1, s__Neisseria sp002327085, 95.0, 77.91, 0.47; GCF_000176735.1, s__Neisseria polysaccharea, 95.0, 77.91, 0.38; GCF_000193735.1, s__Neisseria sicca_E, 95.0, 77.9, 0.41; GCF_901482445.1, s__Neisseria lactamica, 95.0, 77.89, 0.4; GCF_000260655.1, s__Neisseria sicca_B, 96.5569, 77.88, 0.41; GCA_000220865.1, s__Neisseria macacae, 96.509, 77.87, 0.43; GCF_001815675.1, s__Neisseria sp001815675, 96.4201, 77.86, 0.43; GCA_001067655.1, s__Neisseria lactamica_B, 95.406, 77.85, 0.38; GCF_014054945.1, s__Neisseria sicca, 96.5569, 77.85, 0.42; GCF_900638555.1, s__Neisseria meningitidis, 95.0389, 77.85, 0.39; GCF_900113545.1, s__Neisseria elongata, 95.0, 77.75, 0.49; GCF_008807015.1, s__Neisseria zalophi, 95.0, 77.74, 0.39; GCF_003044445.1, s__Neisseria mucosa_A, 95.2415, 77.68, 0.42; GCF_001618085.1, s__Neisseria flavescens_C, 95.4709, 77.68, 0.44; GCF_003013245.1, s__Neisseria iguanae, 95.0, 77.66, 0.52; GCF_013267835.1, s__Neisseria sp000186165, 95.0019, 77.59, 0.47; GCF_005221285.1, s__Neisseria flavescens, 95.0, 77.49, 0.45; GCF_003351665.1, s__Neisseria perflava, 95.6726, 77.46, 0.44; GCF_001618065.1, s__Neisseria flavescens_A, 95.6469, 77.46, 0.44; GCF_003044645.1, s__Neisseria subflava_B, 95.654, 77.45, 0.42; GCF_005221305.1, s__Neisseria subflava, 95.1594, 77.4, 0.44; GCF_001618015.1, s__Neisseria flavescens_B, 95.1594, 77.39, 0.45; GCF_900654165.1, s__Neisseria subflava_C, 95.6726, 77.34, 0.45; GCF_003045025.1, s__Neisseria subflava_A, 95.3115, 77.29, 0.47	65.21	11	N/A	N/A
student389_ERR1713356_MAG_00005-contigs	d__Bacteria;p__Firmicutes;c__Bacilli;o__Lactobacillales;f__Streptococcaceae;g__Lactococcus_A;s__Lactococcus_A raffinolactis	GCF_001591765.1	95.0	d__Bacteria;p__Firmicutes;c__Bacilli;o__Lactobacillales;f__Streptococcaceae;g__Lactococcus_A;s__Lactococcus_A raffinolactis	99.18	0.93	GCF_001591765.1	95.0	d__Bacteria;p__Firmicutes;c__Bacilli;o__Lactobacillales;f__Streptococcaceae;g__Lactococcus_A;s__Lactococcus_A raffinolactis	99.18	0.93	d__Bacteria;p__Firmicutes;c__Bacilli;o__Lactobacillales;f__Streptococcaceae;g__Lactococcus_A;s__	taxonomic classification defined by topology and ANI	topological placement and ANI have congruent species assignments	GCF_013449735.1, s__Lactococcus_A laudensis, 95.0, 87.11, 0.83; GCF_002441885.1, s__Lactococcus_A chungangensis, 95.0, 85.42, 0.79; GCF_002260845.1, s__Lactococcus_A reticulitermitis, 95.0, 84.72, 0.77; GCF_002441695.1, s__Lactococcus_A piscium, 95.0, 79.53, 0.4; GCF_006770285.1, s__Lactococcus_A paracarnosus, 95.0, 79.18, 0.39; GCF_002441715.1, s__Lactococcus_A plantarum, 95.0, 79.13, 0.3; GCF_011170065.1, s__Lactococcus_A insecticola, 95.0, 79.13, 0.34; GCF_006770265.1, s__Lactococcus_A carnosus, 95.0, 78.94, 0.38; GCF_011170085.1, s__Lactococcus_A hodotermopsidis, 95.0, 78.2, 0.33	67.24	11	N/A	N/A
student389_ERR1713356_MAG_00006-contigs	d__Bacteria;p__Proteobacteria;c__Gammaproteobacteria;o__Burkholderiales;f__Neisseriaceae;g__Neisseria;s__	N/A	N/A	N/A	N/A	N/A	GCF_004341385.1	95.0	d__Bacteria;p__Proteobacteria;c__Gammaproteobacteria;o__Burkholderiales;f__Neisseriaceae;g__Neisseria;s__Neisseria suis	77.83	0.14	d__Bacteria;p__Proteobacteria;c__Gammaproteobacteria;o__Burkholderiales;f__Neisseriaceae;g__Neisseria;s__	taxonomic classification defined by topology and ANI	classification based on placement in class-level tree	GCF_000176735.1, s__Neisseria polysaccharea, 95.0, 79.02, 0.04; GCF_900475315.1, s__Neisseria cinerea, 95.0, 79.0, 0.07; GCF_003044445.1, s__Neisseria mucosa_A, 95.2415, 78.9, 0.07; GCF_000813705.1, s__Neisseria cerebrosa, 96.5429, 78.86, 0.05; GCA_003028315.1, s__Neisseria mucosa, 96.5429, 78.73, 0.07; GCF_900654165.1, s__Neisseria subflava_C, 95.6726, 78.64, 0.08; GCF_005221305.1, s__Neisseria subflava, 95.1594, 78.61, 0.09; GCF_001815675.1, s__Neisseria sp001815675, 96.4201, 78.58, 0.07; GCA_001067655.1, s__Neisseria lactamica_B, 95.406, 78.5, 0.05; GCF_000952795.1, s__Neisseria sp000952795, 96.4916, 78.46, 0.07; GCF_005221285.1, s__Neisseria flavescens, 95.0, 78.44, 0.08; GCF_000227275.1, s__Neisseria sp000227275, 96.3387, 78.44, 0.07; GCF_001809325.1, s__Neisseria sp001809325, 95.406, 78.43, 0.06; GCF_017753665.1, s__Neisseria sicca_D, 95.2415, 78.43, 0.07; GCF_003315235.1, s__Neisseria gonorrhoeae, 95.0389, 78.38, 0.06; GCF_001027865.1, s__Neisseria arctica, 95.0, 78.29, 0.09; GCF_005886145.1, s__Neisseria sp000090875, 95.0, 78.18, 0.07; GCF_000260655.1, s__Neisseria sicca_B, 96.5569, 78.16, 0.05; GCF_003044645.1, s__Neisseria subflava_B, 95.654, 78.05, 0.09; GCF_000193735.1, s__Neisseria sicca_E, 95.0, 78.04, 0.07; GCF_000193795.1, s__Neisseria lactamica_A, 95.0, 78.04, 0.07; GCF_900636515.1, s__Neisseria animalis, 95.0, 78.0, 0.09; GCF_003044455.1, s__Neisseria bergeri, 95.0, 77.98, 0.06; GCF_013267835.1, s__Neisseria sp000186165, 95.0019, 77.98, 0.09; GCF_003044425.1, s__Neisseria sicca_C, 95.8064, 77.97, 0.07; GCF_002327085.1, s__Neisseria sp002327085, 95.0, 77.91, 0.1; GCF_003351665.1, s__Neisseria perflava, 95.6726, 77.9, 0.09; GCF_014054945.1, s__Neisseria sicca, 96.5569, 77.89, 0.07; GCF_901482445.1, s__Neisseria lactamica, 95.0, 77.88, 0.07; GCF_900187305.1, s__Neisseria zoodegmatis, 95.0, 77.84, 0.11; GCF_900638555.1, s__Neisseria meningitidis, 95.0389, 77.84, 0.06; GCF_001618085.1, s__Neisseria flavescens_C, 95.4709, 77.82, 0.09; GCF_001618065.1, s__Neisseria flavescens_A, 95.6469, 77.8, 0.09; GCF_003044565.1, s__Neisseria sicca_A, 95.0, 77.79, 0.08; GCF_008807015.1, s__Neisseria zalophi, 95.0, 77.79, 0.12; GCA_000220865.1, s__Neisseria macacae, 96.509, 77.76, 0.08; GCF_003045025.1, s__Neisseria subflava_A, 95.3115, 77.73, 0.11; GCF_001592185.1, s__Neisseria denitrificans, 95.0, 77.71, 0.07; GCF_001618015.1, s__Neisseria flavescens_B, 95.1594, 77.7, 0.11; GCF_900637855.1, s__Neisseria animaloris, 95.0, 77.67, 0.14; GCF_014898075.1, s__Neisseria sp011038745, 95.0, 77.67, 0.09; GCF_900113545.1, s__Neisseria elongata, 95.0, 77.66, 0.08; GCF_003013245.1, s__Neisseria iguanae, 95.0, 77.6, 0.08; GCF_009671065.1, s__Neisseria brasiliensis, 95.0, 77.55, 0.13; GCF_002216145.1, s__Neisseria chenwenguii, 95.0, 77.48, 0.06; GCF_900638685.1, s__Neisseria weaveri, 95.0, 77.34, 0.15; GCF_014055025.1, s__Neisseria bacilliformis, 95.0, 77.14, 0.04; GCF_014297595.1, s__Neisseria musculi, 95.0, 77.09, 0.07; GCF_001308015.1, s__Neisseria sp001308015, 95.0, 77.09, 0.1; GCF_002108505.1, s__Neisseria dumasiana, 95.0, 76.98, 0.14; GCF_900636765.1, s__Neisseria canis, 95.0, 76.9, 0.11; GCF_002237445.1, s__Neisseria sp002237445, 95.0, 76.79, 0.05; GCF_014055005.1, s__Neisseria dentiae, 95.0, 76.58, 0.11; GCF_000227765.1, s__Neisseria wadsworthii, 95.0, 76.37, 0.1; GCF_900451175.1, s__Neisseria potus, 95.0, 76.3, 0.05	57.31	11	0.9702043733744842	N/A
student389_ERR1713356_MAG_00007-contigs	d__Bacteria;p__Firmicutes;c__Bacilli;o__Lactobacillales;f__Streptococcaceae;g__Streptococcus;s__Streptococcus parasuis	GCF_004283785.1	95.0	d__Bacteria;p__Firmicutes;c__Bacilli;o__Lactobacillales;f__Streptococcaceae;g__Streptococcus;s__Streptococcus parasuis	97.03	0.71	GCF_004283785.1	95.0	d__Bacteria;p__Firmicutes;c__Bacilli;o__Lactobacillales;f__Streptococcaceae;g__Streptococcus;s__Streptococcus parasuis	97.03	0.71	d__Bacteria;p__Firmicutes;c__Bacilli;o__Lactobacillales;f__Streptococcaceae;g__Streptococcus;s__	taxonomic classification defined by topology and ANI	topological placement and ANI have congruent species assignments	GCF_000440555.1, s__Streptococcus suis_N, 95.0, 95.7, 0.71; GCF_000294495.1, s__Streptococcus suis, 95.2533, 86.63, 0.59; GCF_902702775.1, s__Streptococcus suis_W, 95.2533, 86.5, 0.62; GCA_002831545.1, s__Streptococcus suis_P, 95.0, 86.09, 0.61; GCA_000440235.1, s__Streptococcus suis_F, 95.0, 86.07, 0.6; GCF_002760245.1, s__Streptococcus suis_I, 95.0, 85.94, 0.64; GCF_000440115.1, s__Streptococcus suis_L, 95.0, 85.89, 0.59; GCF_016743335.1, s__Streptococcus suis_Y, 95.0, 85.82, 0.6; GCF_002964575.1, s__Streptococcus suis_R, 95.0, 85.0, 0.57; GCF_002964045.1, s__Streptococcus suis_U, 95.0, 84.91, 0.56; GCF_002960425.1, s__Streptococcus suis_S, 95.0, 84.65, 0.54; GCF_016775005.1, s__Streptococcus suis_X, 95.0, 84.42, 0.53; GCF_002960625.1, s__Streptococcus suis_T, 95.0, 84.11, 0.57; GCF_002960445.1, s__Streptococcus suis_O, 95.0, 84.05, 0.56; GCF_017601095.1, s__Streptococcus suis_Z, 95.0, 83.83, 0.51; GCF_002962445.1, s__Streptococcus suis_V, 95.0, 82.86, 0.45; GCF_000960035.1, s__Streptococcus oralis_G, 95.0, 80.69, 0.17; GCF_003609975.1, s__Streptococcus ruminantium, 95.0, 80.46, 0.42; GCF_018137985.1, s__Streptococcus sp018137985, 95.0, 80.38, 0.35; GCF_016642265.1, s__Streptococcus lactarius, 95.0, 80.06, 0.12; GCF_900635155.1, s__Streptococcus sanguinis_G, 95.0, 80.02, 0.13; GCF_001578875.1, s__Streptococcus sp001578875, 95.0, 79.97, 0.11; GCF_001182825.2, s__Streptococcus sp001182825, 95.0, 79.95, 0.16; GCA_905221305.1, s__Streptococcus sp905221305, 95.0, 79.88, 0.18; GCF_901875555.1, s__Streptococcus parasanguinis_H, 95.0, 79.86, 0.14; GCF_003627135.1, s__Streptococcus koreensis, 95.0, 79.83, 0.16; GCF_000314795.2, s__Streptococcus sp000314795, 95.0, 79.76, 0.19; GCF_001983955.1, s__Streptococcus oralis_H, 95.0, 79.65, 0.17; GCF_001588645.1, s__Streptococcus oralis_AB, 95.0, 79.63, 0.15; GCF_001078705.1, s__Streptococcus sanguinis_D, 95.0, 79.61, 0.14; GCF_015553625.1, s__Streptococcus australis_B, 95.0, 79.61, 0.16; GCF_002096445.1, s__Streptococcus oralis_N, 95.0, 79.59, 0.17; GCA_902363395.1, s__Streptococcus sp902363395, 95.0, 79.56, 0.18; GCF_002386345.1, s__Streptococcus oralis_S, 95.0, 79.55, 0.19; GCA_018365265.1, s__Streptococcus parasanguinis_G, 95.0331, 79.54, 0.17; GCF_002096595.1, s__Streptococcus oralis_D, 95.0, 79.53, 0.19; GCF_001073155.1, s__Streptococcus parasanguinis_D, 95.0, 79.5, 0.17; GCF_000380085.1, s__Streptococcus merionis, 95.0, 79.48, 0.12; GCF_000212855.1, s__Streptococcus sanguinis_A, 95.0, 79.46, 0.12; GCF_902460355.1, s__Streptococcus sp902460355, 95.0, 79.46, 0.17; GCF_017639855.1, s__Streptococcus sp013623465, 95.0, 79.43, 0.23; GCF_003943735.1, s__Streptococcus sanguinis_E, 95.0, 79.43, 0.14; GCF_000385925.1, s__Streptococcus cristatus_B, 95.0, 79.35, 0.15; GCA_900546335.1, s__Streptococcus sp900546335, 95.0, 79.34, 0.18; GCF_001375655.1, s__Streptococcus varani, 95.0, 79.34, 0.2; GCF_016127915.1, s__Streptococcus oralis_BO, 95.0, 79.34, 0.19; GCF_001579525.1, s__Streptococcus oralis_M, 95.0, 79.33, 0.17; GCF_000377005.1, s__Streptococcus minor, 95.0, 79.33, 0.19; GCF_004785935.1, s__Streptococcus rubneri, 95.0, 79.3, 0.14; GCF_000380125.1, s__Streptococcus ovis, 95.0, 79.28, 0.22; GCF_013343115.1, s__Streptococcus sanguinis_H, 95.0, 79.28, 0.14; GCF_003943655.1, s__Streptococcus sanguinis_F, 95.0, 79.28, 0.13; GCF_000212815.1, s__Streptococcus sanguinis_C, 95.0, 79.27, 0.14; GCF_001921845.1, s__Streptococcus cuniculi, 95.0, 79.26, 0.23; GCF_009717815.1, s__Streptococcus parasanguinis_F, 95.25, 79.26, 0.17; GCA_000180035.1, s__Streptococcus parasanguinis_C, 95.0, 79.25, 0.16; GCF_006385805.1, s__Streptococcus xiaochunlingii, 95.0, 79.23, 0.16; GCF_001623565.1, s__Streptococcus marmotae, 95.0, 79.22, 0.21; GCF_003595525.1, s__Streptococcus respiraculi, 95.0, 79.21, 0.21; GCF_001813295.1, s__Streptococcus sp001813295, 95.2593, 79.2, 0.17; GCF_000186465.1, s__Streptococcus australis, 95.0, 79.18, 0.17; GCF_000963275.1, s__Streptococcus parasanguinis_B, 95.2991, 79.15, 0.17; GCF_000164675.2, s__Streptococcus parasanguinis, 95.0, 79.12, 0.17; GCF_003943465.1, s__Streptococcus cristatus_C, 95.0, 79.12, 0.17; GCF_900637025.1, s__Streptococcus oralis, 95.0, 79.12, 0.19; GCF_012396585.1, s__Streptococcus ovuberis, 95.0, 79.11, 0.12; GCF_002096435.1, s__Streptococcus oralis_AA, 95.0, 79.1, 0.19; GCA_013378335.1, s__Streptococcus sanguinis_I, 95.0, 79.07, 0.14; GCF_016648925.1, s__Streptococcus sp900766505, 95.2991, 79.06, 0.15; GCF_003943515.1, s__Streptococcus cristatus_D, 95.0, 79.06, 0.18; GCF_003943505.1, s__Streptococcus cristatus_E, 95.0, 79.05, 0.17; GCF_001579025.1, s__Streptococcus oralis_X, 95.0, 79.03, 0.19; GCF_001075675.1, s__Streptococcus oralis_V, 95.0, 79.0, 0.19; GCF_000194945.1, s__Streptococcus sanguinis, 95.0, 78.97, 0.15; GCF_001074805.1, s__Streptococcus parasanguinis_A, 95.0, 78.96, 0.17; GCF_000448565.1, s__Streptococcus sp000448565, 95.2003, 78.91, 0.19; GCF_900459125.1, s__Streptococcus constellatus, 95.0, 78.9, 0.13; GCF_000222765.1, s__Streptococcus cristatus, 95.0, 78.88, 0.17; GCF_900636475.1, s__Streptococcus anginosus, 95.0, 78.85, 0.13; GCF_001553855.1, s__Streptococcus gordonii, 95.0, 78.84, 0.17; GCF_003943815.1, s__Streptococcus cristatus_F, 95.0, 78.83, 0.18; GCA_018366675.1, s__Streptococcus parasanguinis_E, 95.293, 78.82, 0.15; GCF_004166885.1, s__Streptococcus sp004166885, 95.0, 78.82, 0.17; GCF_902167705.1, s__Streptococcus constellatus_A, 95.0, 78.81, 0.15; GCF_001697145.1, s__Streptococcus anginosus_C, 95.0, 78.74, 0.15; GCA_905371745.1, s__Streptococcus sp905371745, 95.0, 78.74, 0.15; GCF_004569635.1, s__Streptococcus sp004569635, 95.0, 78.73, 0.2; GCF_001984715.1, s__Streptococcus azizii, 95.0, 78.72, 0.19; GCF_000220065.1, s__Streptococcus sp000220065, 95.0, 78.72, 0.15; GCA_905372115.1, s__Streptococcus sp905372115, 95.0, 78.71, 0.14; GCA_001578795.1, s__Streptococcus gordonii_A, 95.0, 78.65, 0.15; GCF_000767835.1, s__Streptococcus sinensis, 95.0, 78.63, 0.18; GCF_004570575.1, s__Streptococcus cuniculi_A, 95.0, 78.56, 0.21; GCF_001921825.1, s__Streptococcus acidominimus, 95.0, 78.52, 0.22; GCF_001578775.1, s__Streptococcus cristatus_A, 95.0, 78.37, 0.18; GCA_902373455.1, s__Streptococcus sp902373455, 95.0, 78.21, 0.08; GCA_900755085.1, s__Streptococcus sp900755085, 95.0, 78.19, 0.13; GCA_002436115.1, s__Streptococcus sp002436115, 95.0, 77.44, 0.07; GCA_902836505.1, s__Streptococcus sp902836505, 95.0, 77.39, 0.06	48.11	11	N/A	N/A
student389_ERR1713356_MAG_00008-contigs	d__Bacteria;p__Campylobacterota;c__Campylobacteria;o__Campylobacterales;f__Arcobacteraceae;g__Aliarcobacter;s__Aliarcobacter sp017995775	GCA_017995775.1	95.0	d__Bacteria;p__Campylobacterota;c__Campylobacteria;o__Campylobacterales;f__Arcobacteraceae;g__Aliarcobacter;s__Aliarcobacter sp017995775	99.23	0.88	GCA_017995775.1	95.0	d__Bacteria;p__Campylobacterota;c__Campylobacteria;o__Campylobacterales;f__Arcobacteraceae;g__Aliarcobacter;s__Aliarcobacter sp017995775	99.23	0.88	d__Bacteria;p__Campylobacterota;c__Campylobacteria;o__Campylobacterales;f__Arcobacteraceae;g__Aliarcobacter;s__	taxonomic classification defined by topology and ANI	topological placement and ANI have congruent species assignments	GCF_003063245.1, s__Aliarcobacter caeni, 95.0, 86.48, 0.79; GCA_018816105.1, s__Aliarcobacter sp018816105, 95.0, 85.28, 0.77; GCF_013177675.1, s__Aliarcobacter acticola, 95.0, 85.1, 0.79; GCF_013201665.1, s__Aliarcobacter venerupis, 95.0, 84.27, 0.8; GCF_003544815.1, s__Aliarcobacter suis, 95.0, 84.19, 0.81; GCF_003544915.1, s__Aliarcobacter ellisii, 95.0, 83.59, 0.83; GCF_013201935.1, s__Aliarcobacter cloacae, 95.0, 83.52, 0.81; GCF_013201725.1, s__Aliarcobacter defluvii, 95.0, 83.17, 0.83; GCF_013177635.1, s__Aliarcobacter aquimarinus, 95.0, 83.11, 0.8; GCF_003063295.1, s__Aliarcobacter lacus, 95.0, 82.13, 0.65; GCF_900187115.1, s__Aliarcobacter butzleri, 95.0, 82.05, 0.67; GCF_004214795.1, s__Aliarcobacter pacificus, 95.0, 80.64, 0.66; GCA_003316695.1, s__Aliarcobacter sp003316695, 95.0, 80.52, 0.59; GCA_017996075.1, s__Aliarcobacter sp017996075, 95.0, 80.52, 0.34; GCF_013372265.1, s__Aliarcobacter cibarius, 95.0, 80.27, 0.55; GCF_013201705.1, s__Aliarcobacter faecis, 95.0, 80.27, 0.59; GCF_003660105.1, s__Aliarcobacter cryaerophilus, 95.0, 80.14, 0.52; GCF_014352935.1, s__Aliarcobacter cryaerophilus_A, 95.0, 80.09, 0.55; GCF_003544835.1, s__Aliarcobacter skirrowii, 95.0, 80.06, 0.54; GCF_013201625.1, s__Aliarcobacter lanthieri, 95.0, 80.05, 0.55; GCF_004299785.2, s__Aliarcobacter porcinus, 95.0, 80.01, 0.5; GCF_002993025.1, s__Aliarcobacter cryaerophilus_B, 95.0, 79.95, 0.59; GCF_016106035.1, s__Aliarcobacter sp016106035, 95.0, 79.89, 0.55; GCF_004214815.1, s__Aliarcobacter thereius, 95.0, 79.7, 0.53; GCF_003355515.1, s__Aliarcobacter trophiarum, 95.0, 79.41, 0.5	58.3	11	N/A	N/A
student389_ERR1713356_MAG_00009-contigs	d__Bacteria;p__Proteobacteria;c__Gammaproteobacteria;o__Pseudomonadales;f__Moraxellaceae;g__Acinetobacter;s__Acinetobacter johnsonii	GCF_000368045.1	95.0	d__Bacteria;p__Proteobacteria;c__Gammaproteobacteria;o__Pseudomonadales;f__Moraxellaceae;g__Acinetobacter;s__Acinetobacter johnsonii	96.14	0.86	GCF_000368045.1	95.0	d__Bacteria;p__Proteobacteria;c__Gammaproteobacteria;o__Pseudomonadales;f__Moraxellaceae;g__Acinetobacter;s__Acinetobacter johnsonii	96.14	0.86	d__Bacteria;p__Proteobacteria;c__Gammaproteobacteria;o__Pseudomonadales;f__Moraxellaceae;g__Acinetobacter;s__	taxonomic classification defined by topology and ANI	topological placement and ANI have congruent species assignments	GCF_002165305.2, s__Acinetobacter sp002165305, 95.0, 94.28, 0.83; GCF_002135205.1, s__Acinetobacter sp002135205, 95.0, 90.45, 0.84; GCF_000400735.1, s__Acinetobacter tandoii, 95.0, 82.3, 0.69; GCF_902753875.1, s__Acinetobacter bouvetii_A, 95.0, 82.27, 0.67; GCF_015218165.1, s__Acinetobacter piscicola_A, 95.0, 82.22, 0.65; GCF_004331175.1, s__Acinetobacter sp004331175, 95.0, 82.17, 0.61; GCF_003105055.1, s__Acinetobacter sp003105055, 95.0, 82.14, 0.61; GCF_011058205.1, s__Acinetobacter fasciculus, 96.2485, 82.01, 0.59; GCF_004331035.1, s__Acinetobacter sp004331035, 95.0, 81.95, 0.61; GCF_001758345.1, s__Acinetobacter towneri_A, 95.0, 81.93, 0.64; GCF_000369625.1, s__Acinetobacter variabilis, 95.0, 81.92, 0.62; GCF_000214135.1, s__Acinetobacter sp000214135, 95.0, 81.92, 0.54; GCF_004331255.1, s__Acinetobacter sp004331255, 95.0, 81.83, 0.66; GCF_009939195.1, s__Acinetobacter kanungonis, 95.0, 81.81, 0.62; GCF_004336635.1, s__Acinetobacter sp004336635, 95.0, 81.74, 0.69; GCF_900107285.1, s__Acinetobacter kyonggiensis, 95.0, 81.67, 0.67; GCA_002455755.1, s__Acinetobacter sp002455755, 95.0, 81.64, 0.54; GCF_000367925.1, s__Acinetobacter bohemicus, 95.0, 81.58, 0.65; GCF_014769185.1, s__Acinetobacter lwoffii_D, 96.2371, 81.56, 0.58; GCF_003611465.1, s__Acinetobacter tianfuensis, 95.0, 81.55, 0.56; GCF_016599715.1, s__Acinetobacter sp002135245, 95.0, 81.51, 0.62; GCF_009557235.1, s__Acinetobacter wanghuae, 95.0, 81.49, 0.59; GCF_001678755.1, s__Acinetobacter gandensis, 95.0, 81.47, 0.63; GCA_000761495.1, s__Acinetobacter idrijaensis, 96.2371, 81.42, 0.56; GCF_000368785.1, s__Acinetobacter towneri, 95.0, 81.36, 0.61; GCF_003024525.3, s__Acinetobacter cumulans, 95.0, 81.32, 0.68; GCF_003611475.1, s__Acinetobacter rongchengensis, 95.0, 81.3, 0.56; GCF_013004375.1, s__Acinetobacter terrae, 95.0, 81.3, 0.69; GCF_002135295.1, s__Acinetobacter sp002135295, 95.0, 81.28, 0.65; GCA_002296655.1, s__Acinetobacter sp002296655, 95.0, 81.28, 0.56; GCA_002365595.1, s__Acinetobacter sp002365595, 95.0, 81.25, 0.61; GCF_001647675.1, s__Acinetobacter sp001647675, 95.0, 81.24, 0.61; GCF_009707625.1, s__Acinetobacter sp009707625, 95.0, 81.22, 0.59; GCF_000368145.1, s__Acinetobacter guillouiae, 95.0, 81.21, 0.56; GCF_003268395.1, s__Acinetobacter sp003268395, 95.0, 81.21, 0.58; GCF_000488255.1, s__Acinetobacter indicus, 95.0, 81.19, 0.56; GCF_000368625.1, s__Acinetobacter schindleri, 95.0, 81.17, 0.55; GCF_009372215.1, s__Acinetobacter portensis, 95.0, 81.13, 0.57; GCF_002135335.1, s__Acinetobacter sp002135335, 95.0, 81.12, 0.64; GCF_003664645.1, s__Acinetobacter chengduensis, 95.0, 81.11, 0.63; GCF_900096895.1, s__Acinetobacter kookii, 95.0, 81.1, 0.66; GCF_000487975.1, s__Acinetobacter lwoffii, 96.2485, 81.08, 0.57; GCF_002018365.1, s__Acinetobacter sp002018365, 95.0, 81.07, 0.64; GCF_000632455.1, s__Acinetobacter sp000632455, 95.0, 81.06, 0.48; GCF_015602705.1, s__Acinetobacter lwoffii_E, 96.0499, 81.04, 0.54; GCF_002233755.1, s__Acinetobacter piscicola, 95.0, 81.03, 0.54; GCF_002135315.1, s__Acinetobacter sp002135315, 95.0, 81.02, 0.65; GCF_000368865.1, s__Acinetobacter bouvetii, 95.0, 81.01, 0.6; GCF_002135355.1, s__Acinetobacter sp002135355, 95.0, 80.95, 0.64; GCF_002803605.1, s__Acinetobacter pseudolwoffii, 95.0, 80.9, 0.57; GCF_012371325.1, s__Acinetobacter sp012371325, 95.0, 80.9, 0.63; GCF_001696605.3, s__Acinetobacter wuhouensis, 95.0, 80.88, 0.58; GCF_001647545.1, s__Acinetobacter sp001647545, 95.0, 80.86, 0.61; GCF_000816495.1, s__Acinetobacter harbinensis, 95.0, 80.85, 0.58; GCF_001707755.1, s__Acinetobacter celticus, 95.0, 80.84, 0.6; GCF_004331285.1, s__Acinetobacter sp004331285, 95.0, 80.83, 0.65; GCF_001696615.3, s__Acinetobacter sp001696615, 95.0, 80.8, 0.57; GCF_000773685.1, s__Acinetobacter sp000773685, 95.0, 80.79, 0.54; GCF_004331155.1, s__Acinetobacter terrestris, 95.0, 80.78, 0.64; GCF_003711395.1, s__Acinetobacter sp003711395, 95.0, 80.76, 0.55; GCF_002688565.1, s__Acinetobacter sp002688565, 95.0, 80.75, 0.56; GCF_001605895.1, s__Acinetobacter pragensis, 95.0, 80.74, 0.58; GCF_002135435.1, s__Acinetobacter sp002135435, 95.0, 80.71, 0.58; GCF_011578285.1, s__Acinetobacter lanii, 95.0, 80.67, 0.52; GCF_000368565.1, s__Acinetobacter gerneri, 95.0, 80.66, 0.49; GCF_011578045.1, s__Acinetobacter shaoyimingii, 95.0, 80.61, 0.54; GCF_001647535.1, s__Acinetobacter sp001647535, 95.0, 80.59, 0.5; GCF_002135415.1, s__Acinetobacter sp002135415, 95.0, 80.54, 0.55; GCF_013343215.1, s__Acinetobacter lwoffii_C, 95.0, 80.54, 0.56; GCF_000368825.1, s__Acinetobacter ursingii, 95.0, 80.48, 0.48; GCA_900766635.1, s__Acinetobacter sp900766635, 95.0, 80.48, 0.34; GCF_902809855.1, s__Acinetobacter sp902809855, 95.0, 80.46, 0.48; GCF_001704615.3, s__Acinetobacter defluvii, 95.0, 80.43, 0.53; GCF_001307195.1, s__Acinetobacter equi, 95.0, 80.35, 0.51; GCF_900095025.1, s__Acinetobacter albensis, 95.0, 80.33, 0.58; GCF_019038395.1, s__Acinetobacter sp019038395, 95.0, 80.33, 0.54; GCF_002165375.2, s__Acinetobacter chinensis, 95.0, 80.3, 0.56; GCF_006757745.1, s__Acinetobacter radioresistens, 95.0, 80.25, 0.42; GCF_016508585.1, s__Acinetobacter baumannii_B, 95.0, 80.21, 0.48; GCF_000368925.1, s__Acinetobacter bereziniae, 95.0, 80.16, 0.55; GCF_013009345.1, s__Acinetobacter sp013009345, 95.0, 80.16, 0.44; GCF_001612555.1, s__Acinetobacter sp001612555, 95.0, 80.11, 0.48; GCA_002367455.1, s__Acinetobacter sp002367455, 96.0792, 80.1, 0.48; GCF_003024515.2, s__Acinetobacter sichuanensis, 95.0, 80.09, 0.56; GCF_002135375.1, s__Acinetobacter sp002135375, 95.0, 79.94, 0.42; GCF_000829675.1, s__Acinetobacter rudis, 95.0, 79.8, 0.35; GCF_002135235.1, s__Acinetobacter sp002135235, 95.0, 79.79, 0.54; GCF_000399685.1, s__Acinetobacter pittii_E, 95.0, 79.78, 0.46; GCF_013344765.1, s__Acinetobacter lactucae_A, 95.0, 79.78, 0.45; GCA_900771065.1, s__Acinetobacter sp900771065, 95.0, 79.75, 0.36; GCA_009912575.1, s__Acinetobacter bereziniae_A, 95.0, 79.73, 0.49; GCF_002135345.1, s__Acinetobacter sp002135345, 95.0, 79.72, 0.52; GCA_018883945.1, s__Acinetobacter avistercoris, 95.0, 79.71, 0.47; GCF_900323515.1, s__Acinetobacter stercoris, 95.0, 79.66, 0.42; GCF_000369045.1, s__Acinetobacter pittii, 95.0, 79.62, 0.44; GCF_002928115.1, s__Acinetobacter pittii_H, 95.0, 79.32, 0.46; GCF_001605885.1, s__Acinetobacter lactucae, 95.0, 79.22, 0.47; GCF_004345325.1, s__Acinetobacter calcoaceticus_D, 95.0, 79.01, 0.46; GCF_001704115.1, s__Acinetobacter larvae, 95.0, 78.26, 0.34	36.97	11	N/A	N/A
student389_ERR1713356_MAG_00010-contigs	d__Bacteria;p__Firmicutes_C;c__Negativicutes;o__Veillonellales;f__Dialisteraceae;g__Dialister;s__Dialister invisus	GCF_000160055.1	95.0	d__Bacteria;p__Firmicutes_C;c__Negativicutes;o__Veillonellales;f__Dialisteraceae;g__Dialister;s__Dialister invisus	97.93	0.98	GCF_000160055.1	95.0	d__Bacteria;p__Firmicutes_C;c__Negativicutes;o__Veillonellales;f__Dialisteraceae;g__Dialister;s__Dialister invisus	97.93	0.98	d__Bacteria;p__Firmicutes_C;c__Negativicutes;o__Veillonellales;f__Dialisteraceae;g__Dialister;s__	taxonomic classification defined by topology and ANI	topological placement and ANI have congruent species assignments	GCA_900557365.1, s__Dialister sp900557365, 95.0, 79.58, 0.17; GCA_900541485.1, s__Dialister sp900541485, 95.0, 79.4, 0.24; GCF_000194985.1, s__Dialister micraerophilus, 95.0, 79.4, 0.07; GCF_007164725.1, s__Dialister hominis, 95.0, 79.37, 0.17; GCA_000434475.1, s__Dialister sp000434475, 95.0, 79.23, 0.13; GCA_900541605.1, s__Dialister sp900541605, 95.0, 79.1, 0.16; GCA_900543165.1, s__Dialister sp900543165, 95.0, 78.89, 0.15; GCA_900547785.1, s__Dialister sp900547785, 95.0, 78.87, 0.3; GCA_900538805.1, s__Dialister sp900538805, 95.0, 78.86, 0.22; GCF_000242435.1, s__Dialister succinatiphilus, 95.0, 78.84, 0.22; GCA_900545785.1, s__Dialister sp900545785, 95.0, 78.82, 0.29; GCA_002471975.1, s__Dialister sp002471975, 95.0, 78.8, 0.19; GCA_900314595.1, s__Dialister sp900314595, 95.0, 78.74, 0.24; GCA_002439665.1, s__Dialister sp002439665, 95.0, 78.68, 0.1; GCA_001553355.1, s__Dialister sp001553355, 95.0, 78.63, 0.11; GCA_900759415.1, s__Dialister sp900759415, 95.0, 78.5, 0.13; GCA_900543455.1, s__Dialister sp900543455, 95.0, 78.2, 0.15; GCA_002320515.1, s__Dialister sp002320515, 95.0, 78.01, 0.19; GCA_900765565.1, s__Dialister sp900765565, 95.0, 77.9, 0.17; GCA_002297935.1, s__Dialister sp002297935, 95.0, 77.74, 0.18	35.35	11	N/A	N/A
student389_ERR1713356_MAG_00011-contigs	d__Bacteria;p__Firmicutes;c__Bacilli;o__Lactobacillales;f__Enterococcaceae;g__Enterococcus_I;s__Enterococcus_I aquimarinus	GCF_001885765.1	95.0	d__Bacteria;p__Firmicutes;c__Bacilli;o__Lactobacillales;f__Enterococcaceae;g__Enterococcus_I;s__Enterococcus_I aquimarinus	97.94	0.68	GCF_001885765.1	95.0	d__Bacteria;p__Firmicutes;c__Bacilli;o__Lactobacillales;f__Enterococcaceae;g__Enterococcus_I;s__Enterococcus_I aquimarinus	97.94	0.68	d__Bacteria;p__Firmicutes;c__Bacilli;o__Lactobacillales;f__Enterococcaceae;g__Enterococcus_I;s__	taxonomic classification defined by topology and ANI	topological placement and ANI have congruent species assignments	GCF_014635985.1, s__Enterococcus_I alcedinis, 95.0, 79.96, 0.37; GCF_016909125.1, s__Enterococcus_I lemanii, 95.0, 78.79, 0.33; GCA_019116505.1, s__Enterococcus_I avicola, 95.0, 78.78, 0.31	40.27	11	N/A	N/A
student389_ERR1713356_MAG_00012-contigs	d__Bacteria;p__Proteobacteria;c__Gammaproteobacteria;o__Burkholderiales;f__Burkholderiaceae;g__Ottowia;s__Ottowia beijingensis	GCA_013423955.1	95.0	d__Bacteria;p__Proteobacteria;c__Gammaproteobacteria;o__Burkholderiales;f__Burkholderiaceae;g__Ottowia;s__Ottowia beijingensis	96.4	0.87	GCA_013423955.1	95.0	d__Bacteria;p__Proteobacteria;c__Gammaproteobacteria;o__Burkholderiales;f__Burkholderiaceae;g__Ottowia;s__Ottowia beijingensis	96.4	0.87	d__Bacteria;p__Proteobacteria;c__Gammaproteobacteria;o__Burkholderiales;f__Burkholderiaceae;g__Ottowia;s__	taxonomic classification defined by topology and ANI	topological placement and ANI have congruent species assignments	GCA_018060485.1, s__Ottowia sp018060485, 95.0, 85.28, 0.65; GCA_016702555.1, s__Ottowia sp016702555, 95.0, 84.96, 0.75; GCF_017498525.1, s__Ottowia sp017498525, 95.0, 84.12, 0.76; GCA_001897615.1, s__Ottowia sp001897615, 95.0, 83.9, 0.7; GCA_016703145.1, s__Ottowia sp016703145, 95.0, 83.64, 0.7; GCA_017307865.1, s__Ottowia sp017307865, 95.0, 82.67, 0.71; GCF_008017535.1, s__Ottowia sp008017535, 95.0, 82.44, 0.73; GCA_018240925.1, s__Ottowia sp018240925, 95.0, 82.3, 0.64; GCA_018241325.1, s__Ottowia sp018241325, 95.0, 81.94, 0.68; GCF_003008535.1, s__Ottowia oryzae, 95.0, 81.8, 0.7; GCA_017997715.1, s__Ottowia sp017997715, 95.0, 81.76, 0.64; GCA_003859965.1, s__Ottowia sp003859965, 95.0, 80.54, 0.52; GCA_009778355.1, s__Ottowia sp009778355, 95.0, 80.06, 0.39; GCF_001262075.1, s__Ottowia sp001262075, 95.0, 77.86, 0.36; GCA_004299095.1, s__Ottowia sp004299095, 95.0, 77.81, 0.34; GCA_017437605.1, s__Ottowia sp017437605, 95.0, 77.42, 0.21; GCF_000422885.1, s__Ottowia thiooxydans, 95.0, 77.27, 0.3; GCA_015999985.1, s__Ottowia sp015999985, 95.0, 76.93, 0.19; GCA_900320815.1, s__Ottowia sp900320815, 95.0, 76.6, 0.16	38.62	11	N/A	N/A
student389_ERR1713356_MAG_00013-contigs	d__Bacteria;p__Bacteroidota;c__Bacteroidia;o__Flavobacteriales;f__Weeksellaceae;g__Cloacibacterium;s__	N/A	N/A	N/A	N/A	N/A	GCA_002337005.1	95.0	d__Bacteria;p__Bacteroidota;c__Bacteroidia;o__Flavobacteriales;f__Weeksellaceae;g__Cloacibacterium;s__Cloacibacterium sp002337005	92.73	0.83	d__Bacteria;p__Bacteroidota;c__Bacteroidia;o__Flavobacteriales;f__Weeksellaceae;g__Cloacibacterium;s__	taxonomic classification defined by topology and ANI	classification based on placement in class-level tree	GCF_014645495.1, s__Cloacibacterium rupense, 95.0, 87.25, 0.84; GCF_003860565.1, s__Cloacibacterium normanense, 95.1075, 82.94, 0.66; GCF_907163105.1, s__Cloacibacterium caeni_A, 95.0, 82.65, 0.66; GCF_907163125.1, s__Cloacibacterium caeni_B, 95.1075, 82.51, 0.68; GCF_002943105.1, s__Cloacibacterium sp002422665, 95.0662, 82.05, 0.65	45.91	11	0.9979540175114678	Genome not assigned to closest species as it falls outside its pre-defined ANI radius
student389_ERR1713356_MAG_00014-contigs	d__Bacteria;p__Proteobacteria;c__Gammaproteobacteria;o__Burkholderiales;f__Burkholderiaceae;g__Ottowia;s__Ottowia sp018060485	GCA_018060485.1	95.0	d__Bacteria;p__Proteobacteria;c__Gammaproteobacteria;o__Burkholderiales;f__Burkholderiaceae;g__Ottowia;s__Ottowia sp018060485	96.84	0.73	GCA_018060485.1	95.0	d__Bacteria;p__Proteobacteria;c__Gammaproteobacteria;o__Burkholderiales;f__Burkholderiaceae;g__Ottowia;s__Ottowia sp018060485	96.84	0.73	d__Bacteria;p__Proteobacteria;c__Gammaproteobacteria;o__Burkholderiales;f__Burkholderiaceae;g__Ottowia;s__	taxonomic classification defined by topology and ANI	topological placement and ANI have congruent species assignments	GCA_013423955.1, s__Ottowia beijingensis, 95.0, 86.46, 0.82; GCF_017498525.1, s__Ottowia sp017498525, 95.0, 85.74, 0.79; GCA_016702555.1, s__Ottowia sp016702555, 95.0, 83.84, 0.73; GCA_001897615.1, s__Ottowia sp001897615, 95.0, 82.82, 0.69; GCA_016703145.1, s__Ottowia sp016703145, 95.0, 82.63, 0.7; GCF_008017535.1, s__Ottowia sp008017535, 95.0, 82.21, 0.73; GCF_003008535.1, s__Ottowia oryzae, 95.0, 82.13, 0.7; GCA_017307865.1, s__Ottowia sp017307865, 95.0, 82.11, 0.7; GCA_018240925.1, s__Ottowia sp018240925, 95.0, 81.73, 0.62; GCA_018241325.1, s__Ottowia sp018241325, 95.0, 81.62, 0.64; GCA_017997715.1, s__Ottowia sp017997715, 95.0, 81.61, 0.62; GCA_009778355.1, s__Ottowia sp009778355, 95.0, 80.29, 0.37; GCA_003859965.1, s__Ottowia sp003859965, 95.0, 80.19, 0.53; GCF_001262075.1, s__Ottowia sp001262075, 95.0, 78.48, 0.32; GCA_004299095.1, s__Ottowia sp004299095, 95.0, 78.25, 0.31; GCF_000422885.1, s__Ottowia thiooxydans, 95.0, 77.66, 0.28; GCA_015999985.1, s__Ottowia sp015999985, 95.0, 77.53, 0.21; GCA_900320815.1, s__Ottowia sp900320815, 95.0, 77.05, 0.12; GCA_017437605.1, s__Ottowia sp017437605, 95.0, 77.03, 0.22	34.0	11	N/A	N/A
student389_ERR2683233_MAG_00001-contigs	d__Bacteria;p__Fusobacteriota;c__Fusobacteriia;o__Fusobacteriales;f__Leptotrichiaceae;g__JAGOYM01;s__JAGOYM01 sp018059165	GCA_018059165.1	95.0	d__Bacteria;p__Fusobacteriota;c__Fusobacteriia;o__Fusobacteriales;f__Leptotrichiaceae;g__JAGOYM01;s__JAGOYM01 sp018059165	99.36	0.89	GCA_018059165.1	95.0	d__Bacteria;p__Fusobacteriota;c__Fusobacteriia;o__Fusobacteriales;f__Leptotrichiaceae;g__JAGOYM01;s__JAGOYM01 sp018059165	99.36	0.89	d__Bacteria;p__Fusobacteriota;c__Fusobacteriia;o__Fusobacteriales;f__Leptotrichiaceae;g__;s__	taxonomic classification defined by topology and ANI	topological placement and ANI have congruent species assignments	N/A	93.25	11	N/A	N/A
student389_ERR2683233_MAG_00002-contigs	d__Bacteria;p__Firmicutes;c__Bacilli;o__Lactobacillales;f__Aerococcaceae;g__Trichococcus;s__Trichococcus flocculiformis	GCF_900113645.1	95.0	d__Bacteria;p__Firmicutes;c__Bacilli;o__Lactobacillales;f__Aerococcaceae;g__Trichococcus;s__Trichococcus flocculiformis	98.68	0.95	GCF_900113645.1	95.0	d__Bacteria;p__Firmicutes;c__Bacilli;o__Lactobacillales;f__Aerococcaceae;g__Trichococcus;s__Trichococcus flocculiformis	98.68	0.95	d__Bacteria;p__Firmicutes;c__Bacilli;o__Lactobacillales;f__Aerococcaceae;g__Trichococcus;s__	taxonomic classification defined by topology and ANI	topological placement and ANI have congruent species assignments	GCF_900112935.1, s__Trichococcus pasteurii, 95.0, 90.87, 0.92; GCA_002155105.1, s__Trichococcus shcherbakoviae, 95.0, 90.1, 0.92; GCF_003008695.1, s__Trichococcus alkaliphilus, 95.0, 89.59, 0.89; GCF_003051085.1, s__Trichococcus patagoniensis, 95.0, 88.97, 0.91; GCF_003052295.1, s__Trichococcus paludicola, 95.0, 88.75, 0.64; GCF_900107505.1, s__Trichococcus collinsii, 95.0, 88.54, 0.91; GCF_900109135.1, s__Trichococcus ilyis, 95.0, 85.42, 0.87; GCF_900114465.1, s__Trichococcus palustris, 95.0, 79.75, 0.47	92.71	11	N/A	N/A
student389_ERR2683233_MAG_00003-contigs	d__Bacteria;p__Proteobacteria;c__Gammaproteobacteria;o__Burkholderiales;f__Burkholderiaceae;g__CTSOIL-112;s__CTSOIL-112 sp017986195	GCA_017986195.1	95.0	d__Bacteria;p__Proteobacteria;c__Gammaproteobacteria;o__Burkholderiales;f__Burkholderiaceae;g__CTSOIL-112;s__CTSOIL-112 sp017986195	98.1	0.71	GCA_017986195.1	95.0	d__Bacteria;p__Proteobacteria;c__Gammaproteobacteria;o__Burkholderiales;f__Burkholderiaceae;g__CTSOIL-112;s__CTSOIL-112 sp017986195	98.1	0.71	d__Bacteria;p__Proteobacteria;c__Gammaproteobacteria;o__Burkholderiales;f__Burkholderiaceae;g__CTSOIL-112;s__	taxonomic classification defined by topology and ANI	topological placement and ANI have congruent species assignments	GCA_018261955.1, s__CTSOIL-112 sp018261955, 95.0, 88.36, 0.87	73.15	11	N/A	N/A
student389_ERR2683233_MAG_00004-contigs	d__Bacteria;p__Firmicutes_C;c__Negativicutes;o__Veillonellales;f__Dialisteraceae;g__Dialister;s__Dialister invisus	GCF_000160055.1	95.0	d__Bacteria;p__Firmicutes_C;c__Negativicutes;o__Veillonellales;f__Dialisteraceae;g__Dialister;s__Dialister invisus	98.37	0.97	GCF_000160055.1	95.0	d__Bacteria;p__Firmicutes_C;c__Negativicutes;o__Veillonellales;f__Dialisteraceae;g__Dialister;s__Dialister invisus	98.37	0.97	d__Bacteria;p__Firmicutes_C;c__Negativicutes;o__Veillonellales;f__Dialisteraceae;g__Dialister;s__	taxonomic classification defined by topology and ANI	topological placement and ANI have congruent species assignments	GCA_900541605.1, s__Dialister sp900541605, 95.0, 79.38, 0.15; GCA_900557365.1, s__Dialister sp900557365, 95.0, 79.24, 0.16; GCF_007164725.1, s__Dialister hominis, 95.0, 79.19, 0.14; GCA_000434475.1, s__Dialister sp000434475, 95.0, 78.64, 0.12; GCA_900547785.1, s__Dialister sp900547785, 95.0, 78.58, 0.26; GCA_900543165.1, s__Dialister sp900543165, 95.0, 78.55, 0.14; GCF_000242435.1, s__Dialister succinatiphilus, 95.0, 78.53, 0.17; GCA_900541485.1, s__Dialister sp900541485, 95.0, 78.5, 0.28; GCA_001553355.1, s__Dialister sp001553355, 95.0, 78.41, 0.12; GCA_900545785.1, s__Dialister sp900545785, 95.0, 78.38, 0.27; GCA_002471975.1, s__Dialister sp002471975, 95.0, 78.36, 0.18; GCA_002439665.1, s__Dialister sp002439665, 95.0, 78.23, 0.11; GCA_900538805.1, s__Dialister sp900538805, 95.0, 78.1, 0.2; GCF_000194985.1, s__Dialister micraerophilus, 95.0, 78.1, 0.08; GCA_900314595.1, s__Dialister sp900314595, 95.0, 78.02, 0.18; GCA_900759415.1, s__Dialister sp900759415, 95.0, 78.0, 0.16; GCA_900765565.1, s__Dialister sp900765565, 95.0, 77.89, 0.19; GCA_900543455.1, s__Dialister sp900543455, 95.0, 77.87, 0.14; GCA_002320515.1, s__Dialister sp002320515, 95.0, 77.69, 0.19; GCA_002297935.1, s__Dialister sp002297935, 95.0, 77.13, 0.17	70.02	11	N/A	N/A
student389_ERR2683233_MAG_00005-contigs	d__Bacteria;p__Firmicutes;c__Bacilli;o__Lactobacillales;f__Streptococcaceae;g__Lactococcus_A;s__Lactococcus_A raffinolactis	GCF_001591765.1	95.0	d__Bacteria;p__Firmicutes;c__Bacilli;o__Lactobacillales;f__Streptococcaceae;g__Lactococcus_A;s__Lactococcus_A raffinolactis	99.07	0.87	GCF_001591765.1	95.0	d__Bacteria;p__Firmicutes;c__Bacilli;o__Lactobacillales;f__Streptococcaceae;g__Lactococcus_A;s__Lactococcus_A raffinolactis	99.07	0.87	d__Bacteria;p__Firmicutes;c__Bacilli;o__Lactobacillales;f__Streptococcaceae;g__Lactococcus_A;s__	taxonomic classification defined by topology and ANI	topological placement and ANI have congruent species assignments	GCF_013449735.1, s__Lactococcus_A laudensis, 95.0, 87.66, 0.82; GCF_002441885.1, s__Lactococcus_A chungangensis, 95.0, 85.68, 0.81; GCF_002260845.1, s__Lactococcus_A reticulitermitis, 95.0, 85.3, 0.8; GCF_002441695.1, s__Lactococcus_A piscium, 95.0, 80.08, 0.41; GCF_006770265.1, s__Lactococcus_A carnosus, 95.0, 79.87, 0.38; GCF_006770285.1, s__Lactococcus_A paracarnosus, 95.0, 79.56, 0.39; GCF_011170065.1, s__Lactococcus_A insecticola, 95.0, 79.51, 0.39; GCF_002441715.1, s__Lactococcus_A plantarum, 95.0, 79.36, 0.32; GCF_011170085.1, s__Lactococcus_A hodotermopsidis, 95.0, 78.67, 0.37	72.28	11	N/A	N/A
student389_ERR2683233_MAG_00006-contigs	d__Bacteria;p__Proteobacteria;c__Gammaproteobacteria;o__Burkholderiales;f__Neisseriaceae;g__Neisseria;s__Neisseria suis	GCF_004341385.1	95.0	d__Bacteria;p__Proteobacteria;c__Gammaproteobacteria;o__Burkholderiales;f__Neisseriaceae;g__Neisseria;s__Neisseria suis	97.71	0.96	GCF_004341385.1	95.0	d__Bacteria;p__Proteobacteria;c__Gammaproteobacteria;o__Burkholderiales;f__Neisseriaceae;g__Neisseria;s__Neisseria suis	97.71	0.96	d__Bacteria;p__Proteobacteria;c__Gammaproteobacteria;o__Burkholderiales;f__Neisseriaceae;g__Neisseria;s__	taxonomic classification defined by topology and ANI	topological placement and ANI have congruent species assignments	GCF_014055005.1, s__Neisseria dentiae, 95.0, 80.64, 0.73; GCF_014297595.1, s__Neisseria musculi, 95.0, 79.37, 0.66; GCF_001592185.1, s__Neisseria denitrificans, 95.0, 79.28, 0.5; GCF_900187305.1, s__Neisseria zoodegmatis, 95.0, 79.13, 0.63; GCF_002108505.1, s__Neisseria dumasiana, 95.0, 79.02, 0.61; GCF_900636765.1, s__Neisseria canis, 95.0, 78.9, 0.48; GCF_900637855.1, s__Neisseria animaloris, 95.0, 78.75, 0.56; GCF_002216145.1, s__Neisseria chenwenguii, 95.0, 78.71, 0.6; GCF_900451175.1, s__Neisseria potus, 95.0, 78.71, 0.49; GCF_000227765.1, s__Neisseria wadsworthii, 95.0, 78.65, 0.46; GCF_014898075.1, s__Neisseria sp011038745, 95.0, 78.58, 0.55; GCF_001308015.1, s__Neisseria sp001308015, 95.0, 78.52, 0.43; GCF_900636515.1, s__Neisseria animalis, 95.0, 78.42, 0.48; GCF_002237445.1, s__Neisseria sp002237445, 95.0, 78.38, 0.53; GCF_900638555.1, s__Neisseria meningitidis, 95.0389, 78.38, 0.32; GCF_014055025.1, s__Neisseria bacilliformis, 95.0, 78.38, 0.52; GCF_009671065.1, s__Neisseria brasiliensis, 95.0, 78.37, 0.55; GCF_003315235.1, s__Neisseria gonorrhoeae, 95.0389, 78.16, 0.34; GCF_900638685.1, s__Neisseria weaveri, 95.0, 78.16, 0.46; GCF_000227275.1, s__Neisseria sp000227275, 96.3387, 78.13, 0.41; GCF_017753665.1, s__Neisseria sicca_D, 95.2415, 78.09, 0.38; GCF_002327085.1, s__Neisseria sp002327085, 95.0, 78.08, 0.49; GCF_003044445.1, s__Neisseria mucosa_A, 95.2415, 78.05, 0.38; GCF_000193735.1, s__Neisseria sicca_E, 95.0, 78.02, 0.4; GCA_003028315.1, s__Neisseria mucosa, 96.5429, 77.99, 0.43; GCF_005886145.1, s__Neisseria sp000090875, 95.0, 77.98, 0.51; GCF_900475315.1, s__Neisseria cinerea, 95.0, 77.97, 0.29; GCF_000176735.1, s__Neisseria polysaccharea, 95.0, 77.95, 0.36; GCF_000952795.1, s__Neisseria sp000952795, 96.4916, 77.93, 0.4; GCF_901482445.1, s__Neisseria lactamica, 95.0, 77.92, 0.35; GCA_001067655.1, s__Neisseria lactamica_B, 95.406, 77.92, 0.34; GCA_000220865.1, s__Neisseria macacae, 96.509, 77.89, 0.38; GCF_000813705.1, s__Neisseria cerebrosa, 96.5429, 77.89, 0.4; GCF_003044425.1, s__Neisseria sicca_C, 95.8064, 77.89, 0.43; GCF_003044565.1, s__Neisseria sicca_A, 95.0, 77.89, 0.37; GCF_001809325.1, s__Neisseria sp001809325, 95.406, 77.86, 0.38; GCF_014054945.1, s__Neisseria sicca, 96.5569, 77.85, 0.42; GCF_000193795.1, s__Neisseria lactamica_A, 95.0, 77.82, 0.35; GCF_000260655.1, s__Neisseria sicca_B, 96.5569, 77.8, 0.39; GCF_001815675.1, s__Neisseria sp001815675, 96.4201, 77.8, 0.39; GCF_003044455.1, s__Neisseria bergeri, 95.0, 77.77, 0.34; GCF_003013245.1, s__Neisseria iguanae, 95.0, 77.76, 0.48; GCF_900113545.1, s__Neisseria elongata, 95.0, 77.74, 0.47; GCF_008807015.1, s__Neisseria zalophi, 95.0, 77.65, 0.41; GCF_001618065.1, s__Neisseria flavescens_A, 95.6469, 77.56, 0.43; GCF_001027865.1, s__Neisseria arctica, 95.0, 77.55, 0.41; GCF_013267835.1, s__Neisseria sp000186165, 95.0019, 77.52, 0.48; GCF_005221285.1, s__Neisseria flavescens, 95.0, 77.47, 0.45; GCF_003045025.1, s__Neisseria subflava_A, 95.3115, 77.46, 0.45; GCF_003044645.1, s__Neisseria subflava_B, 95.654, 77.43, 0.43; GCF_003351665.1, s__Neisseria perflava, 95.6726, 77.38, 0.44; GCF_005221305.1, s__Neisseria subflava, 95.1594, 77.37, 0.45; GCF_001618015.1, s__Neisseria flavescens_B, 95.1594, 77.31, 0.42; GCF_900654165.1, s__Neisseria subflava_C, 95.6726, 77.28, 0.43; GCF_001618085.1, s__Neisseria flavescens_C, 95.4709, 77.18, 0.43	64.08	11	N/A	N/A
student389_ERR2683233_MAG_00007-contigs	d__Bacteria;p__Firmicutes;c__Bacilli;o__Lactobacillales;f__Streptococcaceae;g__Streptococcus;s__Streptococcus parasuis	GCF_004283785.1	95.0	d__Bacteria;p__Firmicutes;c__Bacilli;o__Lactobacillales;f__Streptococcaceae;g__Streptococcus;s__Streptococcus parasuis	97.56	0.81	GCF_004283785.1	95.0	d__Bacteria;p__Firmicutes;c__Bacilli;o__Lactobacillales;f__Streptococcaceae;g__Streptococcus;s__Streptococcus parasuis	97.56	0.81	d__Bacteria;p__Firmicutes;c__Bacilli;o__Lactobacillales;f__Streptococcaceae;g__Streptococcus;s__	taxonomic classification defined by topology and ANI	topological placement and ANI have congruent species assignments	GCF_000440555.1, s__Streptococcus suis_N, 95.0, 95.51, 0.83; GCF_000294495.1, s__Streptococcus suis, 95.2533, 85.81, 0.7; GCF_902702775.1, s__Streptococcus suis_W, 95.2533, 85.7, 0.7; GCA_000440235.1, s__Streptococcus suis_F, 95.0, 85.7, 0.69; GCF_002760245.1, s__Streptococcus suis_I, 95.0, 85.44, 0.69; GCF_016743335.1, s__Streptococcus suis_Y, 95.0, 85.03, 0.65; GCF_000440115.1, s__Streptococcus suis_L, 95.0, 84.95, 0.67; GCA_002831545.1, s__Streptococcus suis_P, 95.0, 84.95, 0.7; GCF_002964045.1, s__Streptococcus suis_U, 95.0, 84.14, 0.6; GCF_002964575.1, s__Streptococcus suis_R, 95.0, 83.91, 0.61; GCF_002960425.1, s__Streptococcus suis_S, 95.0, 83.89, 0.6; GCF_016775005.1, s__Streptococcus suis_X, 95.0, 83.59, 0.53; GCF_017601095.1, s__Streptococcus suis_Z, 95.0, 83.44, 0.5; GCF_002960445.1, s__Streptococcus suis_O, 95.0, 83.43, 0.61; GCF_002960625.1, s__Streptococcus suis_T, 95.0, 83.39, 0.6; GCF_002962445.1, s__Streptococcus suis_V, 95.0, 81.9, 0.52; GCF_003609975.1, s__Streptococcus ruminantium, 95.0, 79.97, 0.39; GCF_015553625.1, s__Streptococcus australis_B, 95.0, 79.95, 0.14; GCF_016642265.1, s__Streptococcus lactarius, 95.0, 79.77, 0.13; GCF_018137985.1, s__Streptococcus sp018137985, 95.0, 79.65, 0.33; GCA_902363395.1, s__Streptococcus sp902363395, 95.0, 79.38, 0.16; GCF_901875555.1, s__Streptococcus parasanguinis_H, 95.0, 79.38, 0.16; GCF_001579525.1, s__Streptococcus oralis_M, 95.0, 79.32, 0.18; GCF_000385925.1, s__Streptococcus cristatus_B, 95.0, 79.22, 0.18; GCF_001579025.1, s__Streptococcus oralis_X, 95.0, 79.11, 0.18; GCF_902460355.1, s__Streptococcus sp902460355, 95.0, 78.99, 0.18; GCF_001813295.1, s__Streptococcus sp001813295, 95.2593, 78.92, 0.17; GCF_000222765.1, s__Streptococcus cristatus, 95.0, 78.82, 0.16; GCF_000960035.1, s__Streptococcus oralis_G, 95.0, 78.68, 0.15; GCF_900459125.1, s__Streptococcus constellatus, 95.0, 78.58, 0.15; GCF_000377005.1, s__Streptococcus minor, 95.0, 78.54, 0.18; GCF_003627135.1, s__Streptococcus koreensis, 95.0, 78.5, 0.14; GCF_000380125.1, s__Streptococcus ovis, 95.0, 78.48, 0.24; GCF_002096595.1, s__Streptococcus oralis_D, 95.0, 78.39, 0.18; GCF_002096445.1, s__Streptococcus oralis_N, 95.0, 78.37, 0.18; GCF_004785935.1, s__Streptococcus rubneri, 95.0, 78.36, 0.14; GCF_000963275.1, s__Streptococcus parasanguinis_B, 95.2991, 78.35, 0.15; GCF_000448565.1, s__Streptococcus sp000448565, 95.2003, 78.33, 0.15; GCF_001375655.1, s__Streptococcus varani, 95.0, 78.3, 0.19; GCF_006385805.1, s__Streptococcus xiaochunlingii, 95.0, 78.29, 0.13; GCF_002386345.1, s__Streptococcus oralis_S, 95.0, 78.26, 0.17; GCA_018365265.1, s__Streptococcus parasanguinis_G, 95.0331, 78.26, 0.15; GCF_900637025.1, s__Streptococcus oralis, 95.0, 78.25, 0.16; GCF_000164675.2, s__Streptococcus parasanguinis, 95.0, 78.24, 0.14; GCF_001182825.2, s__Streptococcus sp001182825, 95.0, 78.18, 0.18; GCF_016127915.1, s__Streptococcus oralis_BO, 95.0, 78.17, 0.17; GCF_001578875.1, s__Streptococcus sp001578875, 95.0, 78.16, 0.1; GCF_017639855.1, s__Streptococcus sp013623465, 95.0, 78.15, 0.24; GCF_001983955.1, s__Streptococcus oralis_H, 95.0, 78.12, 0.18; GCF_003943815.1, s__Streptococcus cristatus_F, 95.0, 78.11, 0.15; GCF_000186465.1, s__Streptococcus australis, 95.0, 78.07, 0.16; GCF_002096435.1, s__Streptococcus oralis_AA, 95.0, 78.05, 0.16; GCF_003943515.1, s__Streptococcus cristatus_D, 95.0, 78.05, 0.16; GCF_001921845.1, s__Streptococcus cuniculi, 95.0, 78.05, 0.23; GCF_001578775.1, s__Streptococcus cristatus_A, 95.0, 78.03, 0.16; GCF_001073155.1, s__Streptococcus parasanguinis_D, 95.0, 78.01, 0.15; GCA_905221305.1, s__Streptococcus sp905221305, 95.0, 78.0, 0.18; GCF_902167705.1, s__Streptococcus constellatus_A, 95.0, 77.97, 0.14; GCF_001553855.1, s__Streptococcus gordonii, 95.0, 77.96, 0.16; GCF_003595525.1, s__Streptococcus respiraculi, 95.0, 77.96, 0.23; GCF_001075675.1, s__Streptococcus oralis_V, 95.0, 77.94, 0.17; GCF_001623565.1, s__Streptococcus marmotae, 95.0, 77.93, 0.24; GCF_016648925.1, s__Streptococcus sp900766505, 95.2991, 77.93, 0.15; GCA_013378335.1, s__Streptococcus sanguinis_I, 95.0, 77.92, 0.13; GCF_003943465.1, s__Streptococcus cristatus_C, 95.0, 77.92, 0.17; GCA_905371745.1, s__Streptococcus sp905371745, 95.0, 77.91, 0.14; GCF_000314795.2, s__Streptococcus sp000314795, 95.0, 77.9, 0.16; GCF_003943505.1, s__Streptococcus cristatus_E, 95.0, 77.89, 0.16; GCF_004569635.1, s__Streptococcus sp004569635, 95.0, 77.89, 0.2; GCA_900546335.1, s__Streptococcus sp900546335, 95.0, 77.88, 0.18; GCF_004166885.1, s__Streptococcus sp004166885, 95.0, 77.88, 0.16; GCF_001078705.1, s__Streptococcus sanguinis_D, 95.0, 77.86, 0.13; GCA_000180035.1, s__Streptococcus parasanguinis_C, 95.0, 77.85, 0.17; GCF_000767835.1, s__Streptococcus sinensis, 95.0, 77.84, 0.14; GCF_001074805.1, s__Streptococcus parasanguinis_A, 95.0, 77.82, 0.14; GCF_013343115.1, s__Streptococcus sanguinis_H, 95.0, 77.81, 0.13; GCF_000194945.1, s__Streptococcus sanguinis, 95.0, 77.81, 0.15; GCF_000212815.1, s__Streptococcus sanguinis_C, 95.0, 77.8, 0.15; GCF_004570575.1, s__Streptococcus cuniculi_A, 95.0, 77.8, 0.22; GCF_900636475.1, s__Streptococcus anginosus, 95.0, 77.79, 0.14; GCF_001588645.1, s__Streptococcus oralis_AB, 95.0, 77.78, 0.18; GCF_003943735.1, s__Streptococcus sanguinis_E, 95.0, 77.76, 0.14; GCA_018366675.1, s__Streptococcus parasanguinis_E, 95.293, 77.71, 0.14; GCF_001984715.1, s__Streptococcus azizii, 95.0, 77.69, 0.18; GCA_001578795.1, s__Streptococcus gordonii_A, 95.0, 77.66, 0.16; GCF_001921825.1, s__Streptococcus acidominimus, 95.0, 77.64, 0.19; GCF_003943655.1, s__Streptococcus sanguinis_F, 95.0, 77.63, 0.13; GCA_905372115.1, s__Streptococcus sp905372115, 95.0, 77.6, 0.13; GCF_012396585.1, s__Streptococcus ovuberis, 95.0, 77.59, 0.12; GCF_009717815.1, s__Streptococcus parasanguinis_F, 95.25, 77.55, 0.18; GCF_900635155.1, s__Streptococcus sanguinis_G, 95.0, 77.54, 0.14; GCF_000212855.1, s__Streptococcus sanguinis_A, 95.0, 77.47, 0.14; GCF_001697145.1, s__Streptococcus anginosus_C, 95.0, 77.44, 0.16; GCF_000220065.1, s__Streptococcus sp000220065, 95.0, 77.38, 0.13; GCF_000380085.1, s__Streptococcus merionis, 95.0, 77.26, 0.09; GCA_902373455.1, s__Streptococcus sp902373455, 95.0, 77.24, 0.07; GCA_002436115.1, s__Streptococcus sp002436115, 95.0, 76.76, 0.07; GCA_900755085.1, s__Streptococcus sp900755085, 95.0, 76.54, 0.11; GCA_902836505.1, s__Streptococcus sp902836505, 95.0, 76.01, 0.06	60.9	11	N/A	N/A
student389_ERR2683233_MAG_00008-contigs	d__Bacteria;p__Proteobacteria;c__Gammaproteobacteria;o__Pseudomonadales;f__Moraxellaceae;g__Moraxella_A;s__Moraxella_A sp002478835	GCF_009867135.1	95.0237	d__Bacteria;p__Proteobacteria;c__Gammaproteobacteria;o__Pseudomonadales;f__Moraxellaceae;g__Moraxella_A;s__Moraxella_A sp002478835	97.29	0.89	GCF_009867135.1	95.0237	d__Bacteria;p__Proteobacteria;c__Gammaproteobacteria;o__Pseudomonadales;f__Moraxellaceae;g__Moraxella_A;s__Moraxella_A sp002478835	97.29	0.89	d__Bacteria;p__Proteobacteria;c__Gammaproteobacteria;o__Pseudomonadales;f__Moraxellaceae;g__Moraxella_A;s__	taxonomic classification defined by topology and ANI	topological placement and ANI have congruent species assignments	GCF_001553955.1, s__Moraxella_A osloensis, 95.0237, 95.35, 0.87; GCA_014647715.1, s__Moraxella_A cinereus, 95.0, 95.28, 0.85; GCF_001591265.1, s__Moraxella_A atlantae, 95.0, 78.12, 0.25; GCF_000379845.1, s__Moraxella_A boevrei, 95.0, 77.82, 0.2; GCF_000320365.1, s__Moraxella_A macacae, 95.0, 77.65, 0.11	45.29	11	N/A	N/A
student389_ERR2683233_MAG_00009-contigs	d__Bacteria;p__Proteobacteria;c__Gammaproteobacteria;o__Enterobacterales;f__Enterobacteriaceae;g__Escherichia;s__Escherichia coli	GCF_003697165.2	95.0	d__Bacteria;p__Proteobacteria;c__Gammaproteobacteria;o__Enterobacterales;f__Enterobacteriaceae;g__Escherichia;s__Escherichia coli	97.04	0.93	N/A	N/A	N/A	N/A	N/A	d__Bacteria;p__Proteobacteria;c__Gammaproteobacteria;o__Enterobacterales;f__Enterobacteriaceae;g__Escherichia;s__	ANI	topological placement and ANI have incongruent species assignments	GCF_003697165.2, s__Escherichia coli, 95.0, 97.04, 0.93; GCF_002965065.1, s__Escherichia sp002965065, 95.0, 94.52, 0.8; GCF_004211955.1, s__Escherichia sp004211955, 95.0, 93.14, 0.88; GCF_902498915.1, s__Escherichia ruysiae, 95.0, 92.97, 0.88; GCF_005843885.1, s__Escherichia sp005843885, 95.0, 92.86, 0.88; GCF_011881725.1, s__Escherichia coli_E, 95.0, 92.44, 0.84; GCF_001660175.1, s__Escherichia sp001660175, 95.0, 91.89, 0.89; GCF_002900365.1, s__Escherichia marmotae, 95.0, 91.13, 0.88; GCF_000026225.1, s__Escherichia fergusonii, 95.0, 90.96, 0.78; GCF_000759775.1, s__Escherichia albertii, 95.0, 90.19, 0.79	65.13	11	N/A	N/A
student389_ERR2683233_MAG_00010-contigs	d__Bacteria;p__Proteobacteria;c__Gammaproteobacteria;o__Burkholderiales;f__Burkholderiaceae;g__Ottowia;s__Ottowia sp018060485	GCA_018060485.1	95.0	d__Bacteria;p__Proteobacteria;c__Gammaproteobacteria;o__Burkholderiales;f__Burkholderiaceae;g__Ottowia;s__Ottowia sp018060485	98.06	0.74	GCA_018060485.1	95.0	d__Bacteria;p__Proteobacteria;c__Gammaproteobacteria;o__Burkholderiales;f__Burkholderiaceae;g__Ottowia;s__Ottowia sp018060485	98.06	0.74	d__Bacteria;p__Proteobacteria;c__Gammaproteobacteria;o__Burkholderiales;f__Burkholderiaceae;g__Ottowia;s__	taxonomic classification defined by topology and ANI	topological placement and ANI have congruent species assignments	GCF_017498525.1, s__Ottowia sp017498525, 95.0, 86.39, 0.77; GCA_013423955.1, s__Ottowia beijingensis, 95.0, 85.89, 0.8; GCA_016702555.1, s__Ottowia sp016702555, 95.0, 84.39, 0.74; GCA_001897615.1, s__Ottowia sp001897615, 95.0, 83.4, 0.72; GCA_016703145.1, s__Ottowia sp016703145, 95.0, 83.32, 0.71; GCA_017307865.1, s__Ottowia sp017307865, 95.0, 82.57, 0.74; GCF_008017535.1, s__Ottowia sp008017535, 95.0, 82.55, 0.74; GCF_003008535.1, s__Ottowia oryzae, 95.0, 82.54, 0.7; GCA_018240925.1, s__Ottowia sp018240925, 95.0, 82.21, 0.63; GCA_018241325.1, s__Ottowia sp018241325, 95.0, 82.11, 0.67; GCA_017997715.1, s__Ottowia sp017997715, 95.0, 82.08, 0.63; GCA_009778355.1, s__Ottowia sp009778355, 95.0, 80.9, 0.41; GCA_003859965.1, s__Ottowia sp003859965, 95.0, 80.76, 0.57; GCF_001262075.1, s__Ottowia sp001262075, 95.0, 78.48, 0.35; GCA_004299095.1, s__Ottowia sp004299095, 95.0, 78.19, 0.35; GCF_000422885.1, s__Ottowia thiooxydans, 95.0, 77.66, 0.38; GCA_017437605.1, s__Ottowia sp017437605, 95.0, 77.5, 0.22; GCA_900320815.1, s__Ottowia sp900320815, 95.0, 77.35, 0.15; GCA_015999985.1, s__Ottowia sp015999985, 95.0, 77.32, 0.2	41.36	11	N/A	N/A
student389_ERR2683233_MAG_00011-contigs	d__Bacteria;p__Proteobacteria;c__Gammaproteobacteria;o__Burkholderiales;f__Burkholderiaceae;g__Comamonas;s__Comamonas denitrificans_A	GCF_017368815.1	95.0	d__Bacteria;p__Proteobacteria;c__Gammaproteobacteria;o__Burkholderiales;f__Burkholderiaceae;g__Comamonas;s__Comamonas denitrificans_A	98.02	0.89	GCF_017368815.1	95.0	d__Bacteria;p__Proteobacteria;c__Gammaproteobacteria;o__Burkholderiales;f__Burkholderiaceae;g__Comamonas;s__Comamonas denitrificans_A	98.02	0.89	d__Bacteria;p__Proteobacteria;c__Gammaproteobacteria;o__Burkholderiales;f__Burkholderiaceae;g__Comamonas;s__	taxonomic classification defined by topology and ANI	topological placement and ANI have congruent species assignments	GCA_019104825.1, s__Comamonas sp019104825, 95.0, 83.86, 0.63; GCF_000739875.1, s__Comamonas aquatica, 95.0, 79.32, 0.53; GCA_018384835.1, s__Comamonas sp018384835, 95.0, 79.07, 0.42; GCF_001544075.1, s__Comamonas terrae, 95.0, 78.93, 0.49; GCF_014637085.1, s__Comamonas phosphati, 95.0, 78.77, 0.47; GCF_902829245.1, s__Comamonas jiangduensis, 95.0, 78.71, 0.38; GCF_001598795.1, s__Comamonas acidovorans, 95.4801, 78.69, 0.48; GCF_900461435.1, s__Comamonas terrigena, 95.0, 78.66, 0.5; GCA_015478895.1, s__Comamonas sp015478895, 95.0, 78.59, 0.43; GCA_019236485.1, s__Comamonas sp019236485, 95.0, 78.5, 0.33; GCF_008801935.1, s__Comamonas kerstersii, 95.0, 78.48, 0.47; GCF_001571325.1, s__Comamonas tsuruhatensis, 95.4801, 78.48, 0.49; GCF_000761245.1, s__Comamonas testosteroni_C, 95.0, 78.47, 0.4; GCF_014836675.1, s__Comamonas sp014836675, 95.0, 78.45, 0.4; GCA_009360615.1, s__Comamonas sp009360615, 95.0, 78.38, 0.37; GCF_900564145.1, s__Comamonas sp900564145, 95.0, 78.37, 0.42; GCF_000241525.1, s__Comamonas testosteroni, 95.0, 78.33, 0.41; GCF_014076415.1, s__Comamonas testosteroni_F, 95.0, 78.31, 0.4; GCF_000739375.1, s__Comamonas testosteroni_B, 95.0, 78.28, 0.42; GCF_000429845.1, s__Comamonas composti, 95.0, 78.28, 0.42; GCF_019186805.1, s__Comamonas sp019186805, 95.0, 78.24, 0.43; GCF_008727115.1, s__Comamonas testosteroni_E, 95.0, 78.18, 0.39; GCF_000964545.1, s__Comamonas thiooxydans, 95.0, 78.16, 0.42; GCF_003569915.1, s__Comamonas testosteroni_D, 95.0, 78.12, 0.43; GCF_014207855.1, s__Comamonas odontotermitis, 95.0, 78.11, 0.38; GCF_014076495.1, s__Comamonas koreensis, 95.0, 78.05, 0.41; GCF_004364775.1, s__Comamonas sp004364775, 95.0, 78.05, 0.41; GCF_014204315.1, s__Comamonas konjaci_A, 95.0, 78.04, 0.42; GCF_012844455.2, s__Comamonas suwonensis, 95.0, 78.0, 0.37; GCF_013363755.1, s__Comamonas antarcticus, 95.0, 77.98, 0.41; GCF_902706035.1, s__Comamonas sp902706035, 95.0, 77.96, 0.4; GCF_018413525.1, s__Comamonas sp018413525, 95.0, 77.93, 0.34; GCF_002754475.1, s__Comamonas sp002754475, 95.0, 77.9, 0.4; GCF_014109725.1, s__Comamonas piscis, 95.0, 77.8, 0.4; GCA_002472915.1, s__Comamonas sp002472915, 95.0, 77.63, 0.39	50.54	11	N/A	N/A
student389_ERR4998600_MAG_00001-contigs	d__Bacteria;p__Actinobacteriota;c__Geothermincolia;o__Fen-727;f__Anoxymicrobiaceae;g__JAENXM01;s__	N/A	N/A	N/A	N/A	N/A	GCA_016649525.1	95.0	d__Bacteria;p__Actinobacteriota;c__Geothermincolia;o__Fen-727;f__Anoxymicrobiaceae;g__JAENXM01;s__JAENXM01 sp016649525	84.09	0.8	d__Bacteria;p__Actinobacteriota;c__Geothermincolia;o__Fen-727;f__Anoxymicrobiaceae;g__JAENXM01;s__	taxonomic classification defined by topology and ANI	classification based on placement in class-level tree	N/A	87.31	11	0.9245714805102554	Genome not assigned to closest species as it falls outside its pre-defined ANI radius
student389_ERR4998600_MAG_00002-contigs	d__Bacteria;p__Chloroflexota;c__Anaerolineae;o__Anaerolineales;f__UBA4823;g__FEB-25;s__	N/A	N/A	N/A	N/A	N/A	GCA_003105035.1	95.0	d__Bacteria;p__Chloroflexota;c__Anaerolineae;o__Anaerolineales;f__UBA4823;g__FEB-25;s__FEB-25 sp003105035	77.3	0.17	d__Bacteria;p__Chloroflexota;c__Anaerolineae;o__Anaerolineales;f__UBA4823;g__FEB-25;s__	taxonomic classification defined by topology and ANI	classification based on placement in class-level tree	N/A	90.81	11	0.9561189360142763	N/A
student389_ERR4998600_MAG_00003-contigs	d__Bacteria;p__Chloroflexota;c__Limnocylindria;o__Limnocylindrales;f__CSP1-4;g__Fen-1039;s__	N/A	N/A	N/A	N/A	N/A	N/A	N/A	N/A	N/A	N/A	d__Bacteria;p__Chloroflexota;c__Limnocylindria;o__Limnocylindrales;f__CSP1-4;g__Fen-1039;s__	taxonomic classification defined by topology and ANI	classification based on placement in class-level tree	GCA_003141455.1, s__Fen-1039 sp003141455, 95.0, 83.56, 0.72; GCA_003158295.1, s__Fen-1039 sp003158295, 95.0, 82.55, 0.68; GCA_003141245.1, s__Fen-1039 sp003141245, 95.0, 80.96, 0.54; GCA_003141955.1, s__Fen-1039 sp003141955, 95.0, 80.6, 0.55; GCA_003171065.1, s__Fen-1039 sp003171065, 95.0, 80.24, 0.52; GCA_003142755.1, s__Fen-1039 sp003142755, 95.0, 80.2, 0.53; GCA_003171255.1, s__Fen-1039 sp003171255, 95.0, 80.12, 0.53; GCA_003165675.1, s__Fen-1039 sp003165675, 95.0, 80.11, 0.53; GCA_003157175.1, s__Fen-1039 sp003157175, 95.0, 79.88, 0.46; GCA_017881885.1, s__Fen-1039 sp017881885, 95.0, 79.74, 0.49; GCA_003152995.1, s__Fen-1039 sp003152995, 95.0, 79.43, 0.47; GCA_003157875.1, s__Fen-1039 sp003157875, 95.0, 79.43, 0.5; GCA_003171035.1, s__Fen-1039 sp003171035, 95.0, 79.41, 0.47; GCA_003156975.1, s__Fen-1039 sp003156975, 95.0, 79.2, 0.42; GCA_003158675.1, s__Fen-1039 sp003158675, 95.0, 79.1, 0.42; GCA_003158495.1, s__Fen-1039 sp003158495, 95.0, 79.02, 0.49; GCA_003158875.1, s__Fen-1039 sp003158875, 95.0, 78.38, 0.37; GCA_003153755.1, s__Fen-1039 sp003153755, 95.0, 77.91, 0.42	90.91	11	0.9313955560680077	Genome not assigned to closest species as it falls outside its pre-defined ANI radius
student389_ERR4998600_MAG_00004-contigs	d__Bacteria;p__Bacteroidota;c__Bacteroidia;o__Bacteroidales;f__VadinHA17;g__LD21;s__	N/A	N/A	N/A	N/A	N/A	N/A	N/A	N/A	N/A	N/A	d__Bacteria;p__Bacteroidota;c__Bacteroidia;o__Bacteroidales;f__VadinHA17;g__LD21;s__	ANI	classification based on placement in class-level tree	GCA_003152835.1, s__LD21 sp003152835, 95.0, 78.15, 0.27; GCA_003142255.1, s__LD21 sp003142255, 95.0, 78.06, 0.25; GCA_003520925.1, s__LD21 sp003520925, 95.0, 77.36, 0.12; GCA_003157055.1, s__LD21 sp003157055, 95.0, 77.24, 0.17; GCA_003141495.1, s__LD21 sp003141495, 95.0, 77.13, 0.14; GCA_003141525.1, s__LD21 sp003141525, 95.0, 77.11, 0.16; GCA_017882345.1, s__LD21 sp017882345, 95.0, 77.08, 0.13; GCA_017882305.1, s__LD21 sp017882305, 95.0, 76.88, 0.14; GCA_016709865.1, s__LD21 sp016709865, 95.0, 76.82, 0.14; GCA_903824785.1, s__LD21 sp903824785, 95.0, 76.78, 0.12; GCA_016715075.1, s__LD21 sp016715075, 95.0, 76.75, 0.12; GCA_003141895.1, s__LD21 sp003141895, 95.0, 76.74, 0.13; GCA_003141715.1, s__LD21 sp003141715, 95.0, 76.65, 0.14; GCA_003162595.1, s__LD21 sp003162595, 95.0, 76.6, 0.11; GCA_012729475.1, s__LD21 sp012729475, 95.0, 76.58, 0.08; GCA_016936435.1, s__LD21 sp016936435, 95.0, 76.55, 0.09; GCA_002424525.1, s__LD21 sp002424525, 95.0, 76.53, 0.07; GCA_903844815.1, s__LD21 sp903844815, 95.0, 76.53, 0.1; GCA_012519515.1, s__LD21 sp012519515, 95.0, 76.52, 0.06; GCA_015712185.1, s__LD21 sp015712185, 95.0, 76.51, 0.14; GCA_003157015.1, s__LD21 sp003157015, 95.0, 76.49, 0.15; GCA_003141415.1, s__LD21 sp003141415, 95.0, 76.47, 0.15; GCA_003501665.1, s__LD21 sp003501665, 95.0, 76.45, 0.13; GCA_016936695.1, s__LD21 sp016936695, 95.0, 76.44, 0.05; GCA_001768195.1, s__LD21 sp001768195, 95.0, 76.4, 0.15; GCA_002428385.1, s__LD21 sp002428385, 95.0, 76.37, 0.06; GCA_016718875.1, s__LD21 sp016718875, 95.0, 76.35, 0.11; GCA_002328625.1, s__LD21 sp002328625, 95.0, 76.29, 0.11; GCA_002070505.1, s__LD21 sp002070505, 95.0, 76.28, 0.14; GCA_002319885.1, s__LD21 sp002319885, 95.0, 76.27, 0.12; GCA_003155705.1, s__LD21 sp003155705, 95.0, 76.05, 0.09; GCA_009877105.1, s__LD21 sp009877105, 95.0, 76.03, 0.07; GCA_003157075.1, s__LD21 sp003157075, 95.0, 76.02, 0.11; GCA_013314865.1, s__LD21 sp013314865, 95.0, 75.96, 0.05; GCA_012517605.1, s__LD21 sp012517605, 95.0, 75.8, 0.09; GCA_002319915.1, s__LD21 sp002319915, 95.0, 75.67, 0.06; GCA_012522155.1, s__LD21 sp012522155, 95.0, 75.66, 0.06	71.84	11	0.9402461405631349	Genome has more than 10.0% of markers with multiple hits
student389_ERR4998600_MAG_00005-contigs	d__Bacteria;p__Actinobacteriota;c__Geothermincolia;o__Fen-727;f__Anoxymicrobiaceae;g__FEN-727;s__	N/A	N/A	N/A	N/A	N/A	GCA_003154635.1	95.0	d__Bacteria;p__Actinobacteriota;c__Geothermincolia;o__Fen-727;f__Anoxymicrobiaceae;g__FEN-727;s__FEN-727 sp003154635	78.27	0.23	d__Bacteria;p__Actinobacteriota;c__Geothermincolia;o__Fen-727;f__Anoxymicrobiaceae;g__FEN-727;s__	taxonomic classification defined by topology and ANI	classification based on placement in class-level tree	N/A	63.15	11	0.8851707349366933	N/A
student389_ERR4998600_MAG_00006-contigs	d__Bacteria;p__Actinobacteriota;c__Geothermincolia;o__Fen-727;f__Anoxymicrobiaceae;g__FEN-727;s__	N/A	N/A	N/A	N/A	N/A	GCA_003154635.1	95.0	d__Bacteria;p__Actinobacteriota;c__Geothermincolia;o__Fen-727;f__Anoxymicrobiaceae;g__FEN-727;s__FEN-727 sp003154635	77.84	0.17	d__Bacteria;p__Actinobacteriota;c__Geothermincolia;o__Fen-727;f__Anoxymicrobiaceae;g__FEN-727;s__	taxonomic classification defined by topology and ANI	classification based on placement in class-level tree	N/A	57.88	11	0.8752104849039741	Genome has more than 10.8% of markers with multiple hits
student389_ERR4998600_MAG_00007-contigs	d__Bacteria;p__Chloroflexota;c__Limnocylindria;o__Limnocylindrales;f__CSP1-4;g__CTSoil-043;s__	N/A	N/A	N/A	N/A	N/A	N/A	N/A	N/A	N/A	N/A	d__Bacteria;p__Chloroflexota;c__Limnocylindria;o__Limnocylindrales;f__CSP1-4;g__CTSoil-043;s__	ANI	classification based on placement in class-level tree	GCA_017881985.1, s__CTSoil-043 sp017881985, 95.0, 79.42, 0.45; GCA_017882025.1, s__CTSoil-043 sp017882025, 95.0, 79.34, 0.37; GCA_017860675.1, s__CTSoil-043 sp017860675, 95.0, 78.85, 0.36	51.27	11	0.8939074814360289	N/A
student389_ERR4998600_MAG_00008-contigs	d__Bacteria;p__Desulfobacterota_E;c__MBNT15;o__MBNT15;f__MBNT15;g__CG2-30-66-27;s__	N/A	N/A	N/A	N/A	N/A	GCA_011391555.1	95.0	d__Bacteria;p__Desulfobacterota_E;c__MBNT15;o__MBNT15;f__MBNT15;g__CG2-30-66-27;s__CG2-30-66-27 sp011391555	93.92	0.84	d__Bacteria;p__Desulfobacterota_E;c__MBNT15;o__MBNT15;f__MBNT15;g__CG2-30-66-27;s__	taxonomic classification defined by topology and ANI	classification based on placement in class-level tree	GCA_017881405.1, s__CG2-30-66-27 sp017881405, 95.0, 92.39, 0.91; GCA_001873935.1, s__CG2-30-66-27 sp001873935, 95.0, 91.69, 0.95; GCA_002279275.1, s__CG2-30-66-27 sp002279275, 95.0, 91.4, 0.7; GCA_007280195.1, s__CG2-30-66-27 sp007280195, 95.0, 90.29, 0.72; GCA_001797445.1, s__CG2-30-66-27 sp001797445, 95.0, 88.66, 0.9	53.83	11	0.9739569269984928	Genome not assigned to closest species as it falls outside its pre-defined ANI radius
student389_ERR4998600_MAG_00010-contigs	d__Bacteria;p__Bacteroidota;c__Bacteroidia;o__Bacteroidales;f__VadinHA17;g__LD21;s__	N/A	N/A	N/A	N/A	N/A	GCA_003520925.1	95.0	d__Bacteria;p__Bacteroidota;c__Bacteroidia;o__Bacteroidales;f__VadinHA17;g__LD21;s__LD21 sp003520925	80.09	0.46	d__Bacteria;p__Bacteroidota;c__Bacteroidia;o__Bacteroidales;f__VadinHA17;g__LD21;s__	taxonomic classification defined by topology and ANI	classification based on placement in class-level tree	GCA_016936695.1, s__LD21 sp016936695, 95.0, 77.69, 0.15; GCA_003152835.1, s__LD21 sp003152835, 95.0, 77.68, 0.18; GCA_002428385.1, s__LD21 sp002428385, 95.0, 77.3, 0.12; GCA_012519515.1, s__LD21 sp012519515, 95.0, 77.19, 0.1; GCA_012517605.1, s__LD21 sp012517605, 95.0, 77.07, 0.17; GCA_003157055.1, s__LD21 sp003157055, 95.0, 77.06, 0.09; GCA_003141715.1, s__LD21 sp003141715, 95.0, 77.06, 0.12; GCA_016715075.1, s__LD21 sp016715075, 95.0, 77.02, 0.12; GCA_001768195.1, s__LD21 sp001768195, 95.0, 76.99, 0.15; GCA_903824785.1, s__LD21 sp903824785, 95.0, 76.7, 0.12; GCA_003142255.1, s__LD21 sp003142255, 95.0, 76.68, 0.19; GCA_002424525.1, s__LD21 sp002424525, 95.0, 76.64, 0.09; GCA_017882345.1, s__LD21 sp017882345, 95.0, 76.63, 0.15; GCA_903844815.1, s__LD21 sp903844815, 95.0, 76.62, 0.1; GCA_003141495.1, s__LD21 sp003141495, 95.0, 76.6, 0.14; GCA_002328625.1, s__LD21 sp002328625, 95.0, 76.55, 0.12; GCA_002070505.1, s__LD21 sp002070505, 95.0, 76.51, 0.11; GCA_002319915.1, s__LD21 sp002319915, 95.0, 76.51, 0.09; GCA_015712185.1, s__LD21 sp015712185, 95.0, 76.5, 0.16; GCA_012522155.1, s__LD21 sp012522155, 95.0, 76.44, 0.05; GCA_016936435.1, s__LD21 sp016936435, 95.0, 76.37, 0.11; GCA_002319885.1, s__LD21 sp002319885, 95.0, 76.34, 0.12; GCA_016709865.1, s__LD21 sp016709865, 95.0, 76.3, 0.16; GCA_009877105.1, s__LD21 sp009877105, 95.0, 76.28, 0.1; GCA_003141415.1, s__LD21 sp003141415, 95.0, 76.28, 0.15; GCA_003501665.1, s__LD21 sp003501665, 95.0, 76.28, 0.09; GCA_017882305.1, s__LD21 sp017882305, 95.0, 76.22, 0.09; GCA_003141895.1, s__LD21 sp003141895, 95.0, 76.13, 0.15; GCA_003157015.1, s__LD21 sp003157015, 95.0, 76.07, 0.12; GCA_003141525.1, s__LD21 sp003141525, 95.0, 76.0, 0.13; GCA_003155705.1, s__LD21 sp003155705, 95.0, 75.98, 0.1; GCA_003157075.1, s__LD21 sp003157075, 95.0, 75.98, 0.1; GCA_012729475.1, s__LD21 sp012729475, 95.0, 75.97, 0.08; GCA_013314865.1, s__LD21 sp013314865, 95.0, 75.72, 0.05; GCA_016718875.1, s__LD21 sp016718875, 95.0, 75.65, 0.15; GCA_003162595.1, s__LD21 sp003162595, 95.0, 75.21, 0.09	36.22	11	0.9692883506526372	N/A
student389_ERR4998600_MAG_00011-contigs	d__Bacteria;p__Chloroflexota;c__Limnocylindria;o__Limnocylindrales;f__CSP1-4;g__SPCO01;s__	N/A	N/A	N/A	N/A	N/A	GCA_004525275.1	95.0	d__Bacteria;p__Chloroflexota;c__Limnocylindria;o__Limnocylindrales;f__CSP1-4;g__SPCO01;s__SPCO01 sp004525275	79.12	0.54	d__Bacteria;p__Chloroflexota;c__Limnocylindria;o__Limnocylindrales;f__CSP1-4;g__SPCO01;s__	taxonomic classification defined by topology and ANI	classification based on placement in class-level tree	GCA_016200745.1, s__SPCO01 sp016200745, 95.0, 79.65, 0.49; GCA_013698385.1, s__SPCO01 sp013698385, 95.0, 78.63, 0.47	66.92	11	0.9405765846155492	Genome not assigned to closest species as it falls outside its pre-defined ANI radius
student389_ERR4998600_MAG_00012-contigs	d__Bacteria;p__Acidobacteriota;c__Thermoanaerobaculia;o__UBA5066;f__UBA5066;g__Fen-183;s__	N/A	N/A	N/A	N/A	N/A	GCA_003152095.1	95.0	d__Bacteria;p__Acidobacteriota;c__Thermoanaerobaculia;o__UBA5066;f__UBA5066;g__Fen-183;s__Fen-183 sp003152095	86.87	0.31	d__Bacteria;p__Acidobacteriota;c__Thermoanaerobaculia;o__UBA5066;f__UBA5066;g__Fen-183;s__	taxonomic classification defined by topology and ANI	classification based on placement in class-level tree	GCA_016716715.1, s__Fen-183 sp016716715, 95.0, 80.81, 0.28	34.77	11	0.9740883522665663	N/A
student389_ERR4998601_MAG_00001-contigs	d__Bacteria;p__Chloroflexota;c__Limnocylindria;o__Limnocylindrales;f__CSP1-4;g__;s__	N/A	N/A	N/A	N/A	N/A	N/A	N/A	N/A	N/A	N/A	d__Bacteria;p__Chloroflexota;c__Limnocylindria;o__Limnocylindrales;f__CSP1-4;g__;s__	taxonomic novelty determined using RED	classification based on placement in class-level tree	N/A	69.84	11	0.7674129910856948	N/A
student389_ERR4998601_MAG_00003-contigs	d__Bacteria;p__Chloroflexota;c__Limnocylindria;o__Limnocylindrales;f__CSP1-4;g__;s__	N/A	N/A	N/A	N/A	N/A	N/A	N/A	N/A	N/A	N/A	d__Bacteria;p__Chloroflexota;c__Limnocylindria;o__Limnocylindrales;f__CSP1-4;g__;s__	taxonomic novelty determined using RED	classification based on placement in class-level tree	N/A	48.71	11	0.8310249301536554	N/A
